Series Name,Series Code,Country Name,Country Code,1999 [YR1999],2000 [YR2000],2001 [YR2001],2002 [YR2002],2003 [YR2003],2004 [YR2004],2005 [YR2005],2006 [YR2006],2007 [YR2007],2008 [YR2008],2009 [YR2009],2010 [YR2010],2011 [YR2011],2012 [YR2012],2013 [YR2013],2014 [YR2014],2015 [YR2015],2016 [YR2016],2017 [YR2017],2018 [YR2018]
"Foreign direct investment, net inflows (BoP, current US$)",BX.KLT.DINV.CD.WD,Afghanistan,AFG,6040000,170000,680000,50000000,57800000,186900000,271000000,238000000,188690000,40353040,56107246.5,190774431.98,52173421,56823660,48311346,42975262.5,169146608,93589442.8,53390000,..
"Foreign direct investment, net inflows (BoP, current US$)",BX.KLT.DINV.CD.WD,Albania,ALB,41200000,143000000,207300000,135000000,178036400.666667,341285112.537562,262479012.637464,325138316.803697,652275603.722803,1253058935.64486,1344156094.8725,1090111754.87848,1048087029.34916,918313370.724312,1254274472.0354,1149536244.4423,989278987.84631,1044187597.47462,1022132156.86043,..
"Foreign direct investment, net inflows (BoP, current US$)",BX.KLT.DINV.CD.WD,Algeria,DZA,291600000,280100000,1113105541,1065000000,637881239,881851385,1155999999.99995,1841000000.00008,1686736539.70385,2638607033.75183,2746930734.16534,2300369124.15828,2571237024.68517,1500402452.8635,1691886707.50796,1502206170.55838,-537792920.921856,1638263953.77737,1200965279.93224,..
"Foreign direct investment, net inflows (BoP, current US$)",BX.KLT.DINV.CD.WD,American Samoa,ASM,..,..,..,..,..,..,..,..,..,..,..,..,..,..,..,..,..,..,..,..
"Foreign direct investment, net inflows (BoP, current US$)",BX.KLT.DINV.CD.WD,Andorra,AND,..,..,..,..,..,..,..,..,..,..,..,..,..,..,..,..,..,..,..,..
"Foreign direct investment, net inflows (BoP, current US$)",BX.KLT.DINV.CD.WD,Angola,AGO,2471460000,878620000,2145470000,1743504000,3576971780,2197227820,-1303836930,-37714860,-893342152,1678971010,2205298180,-3227211182.45,-3023770965.83688,-6897954558.89544,-7120017424.4614,1921699719.14449,9282167512.38257,-179517618.92,-7397295409.18991,..
"Foreign direct investment, net inflows (BoP, current US$)",BX.KLT.DINV.CD.WD,Antigua and Barbuda,ATG,51792533.3333333,43115925.9259259,98452222.2222222,65865064.8148148,166321143.703704,80366585.1851852,220963374.074074,358820163.703704,338204733.333333,158783774.444444,80646652.5925926,96679207.7777778,65160596.2962963,129367138.888889,134288999.62963,46061586.8270648,107460503.54774,80641321.8328381,112936813.233046,..
"Foreign direct investment, net inflows (BoP, current US$)",BX.KLT.DINV.CD.WD,Argentina,ARG,23987696389.6428,10418314339.1428,2166136829.76399,2148910000,1652010000,4124710000,5265250000,5537340000,6473150000,9725560000,4017158924.88408,11332718626.4345,10839930944.6815,15323933916.8241,9821661858.15874,5065335541.96486,11758994011.286,3260164341.77393,11516861462.2845,..
"Foreign direct investment, net inflows (BoP, current US$)",BX.KLT.DINV.CD.WD,Armenia,ARM,122040000,104188500,69868500,110725325.614409,122852992.703235,247140608.495888,292073220.164722,466531991.901724,667671562.134495,943733059.483284,760040745.87233,529321391.641959,653219756.47225,496636701.129687,346092394.393256,403898410.357675,178295867.11618,338115182.302507,249759360.695566,..
"Foreign direct investment, net inflows (BoP, current US$)",BX.KLT.DINV.CD.WD,Aruba,ABW,463016759.776537,-127932960.893854,-266927374.301677,332513966.480447,159776536.312849,-105698324.022346,-207798005.868163,220316139.723839,-471005586.592179,18882681.5642458,-10614525.1396648,186759776.536313,488156424.581006,-314692737.430168,226371388.826816,250618094.972067,-28775856.424581,20982174.301676,87653631.2849162,..
"Foreign direct investment, net inflows (BoP, current US$)",BX.KLT.DINV.CD.WD,Australia,AUS,3311038586.09037,14892978180.1828,10717133150.6924,14656321800.5386,8985246029.5004,42907672820.3756,-25093141435.1896,30551100656.5983,44440090037.7723,45160024270.9395,28683266147.8801,35210733743.0829,65554890649.5348,57550426822.6138,53997299139.8889,63195482811.6136,45051418215.3716,39225714066.7271,42579724525.1796,..
"Foreign direct investment, net inflows (BoP, current US$)",BX.KLT.DINV.CD.WD,Austria,AUT,3008319638.96604,8525406379.1313,5905880644.78423,318132393.328332,7098252089.87043,3892054627.31739,81287916302.2176,10497447195.5608,68885359636.3474,6310797391.27563,14293213431.1855,-22005597160.6968,22974390292.5696,5219630177.4195,451322440.339745,1712374349.00631,-7972751912.9417,-28872607730.7536,15608009061.4137,..
"Foreign direct investment, net inflows (BoP, current US$)",BX.KLT.DINV.CD.WD,Azerbaijan,AZE,510317000,129937000,819579000,2024577000,4007330000,4719107000,4476396000,4485966000,4594234000,3986807000,2900030000,3352997000,4485120000,5293250000,2619437000,4430466000,4047630000,4499666000,2867487000,..
"Foreign direct investment, net inflows (BoP, current US$)",BX.KLT.DINV.CD.WD,"Bahamas, The",BHS,149300000,250250000,102370000,152790000,190200000,273600000,563414700,706380000,713350000,860156197.03,663960000,871970000,666621000,526171000,382252000,251277428.82,76075924.75,73723568.41,594994763.784,..
"Foreign direct investment, net inflows (BoP, current US$)",BX.KLT.DINV.CD.WD,Bahrain,BHR,453737837.974614,363562321.906708,80358858.3697633,216986881.649309,516700276.442676,865308118.622994,1048601306.14142,2914659868.30075,1756312514.78198,1793998354.54447,257149561.420298,155771009.169721,780851063.829787,1544680851.06383,3727712765.95745,1518617021.2766,64893617.0212766,243351063.829787,518882978.723404,..
"Foreign direct investment, net inflows (BoP, current US$)",BX.KLT.DINV.CD.WD,Bangladesh,BGD,179662970.340192,280384629.677983,78527040.0772574,52304931.038967,268285231.831689,448905400.707685,760504265.755651,456523167.703824,651029738.054822,1328422986.51751,901286583.13086,1232258246.59254,1264725163.33408,1584403459.98466,2602962095.36816,2539190939.6837,2831152765.15515,2332724780.71108,2151370680.49902,..
"Foreign direct investment, net inflows (BoP, current US$)",BX.KLT.DINV.CD.WD,Barbados,BRB,17350000,19400000,18550000,17400000,58250000,-12100000,238261395.8643,342244377.215,451704576.96,462037883.775,458155604.11,668827625.285,387635239.865,437173278.311957,-8083630.0259665,559340870.412356,69489165.7721804,229642052.046338,286157362.743625,..
"Foreign direct investment, net inflows (BoP, current US$)",BX.KLT.DINV.CD.WD,Belarus,BLR,444000000,118800000,95800000,247100000,171800000,163800000,306600000,357100000,1807300000,2187900000,1876500000,1393400000,4002400000,1463600000,2246100000,1862000000,1652300000,1246900000,1276300000,..
"Foreign direct investment, net inflows (BoP, current US$)",BX.KLT.DINV.CD.WD,Belgium,BEL,..,..,..,18080576795.9181,34543942055.3342,44415185590.2333,33683830158.1204,58827696332.8344,96587921127.4395,190542715162.038,86527976138.6549,111490238331.287,158028565815.979,6683318618.52527,-28375208909.4075,-23931110654.8989,-24266120892.832,44455928909.2834,-39482279939.4883,..
"Foreign direct investment, net inflows (BoP, current US$)",BX.KLT.DINV.CD.WD,Belize,BLZ,53579000,29564651.9166666,61174888.8668778,25461176.8782397,-10924755.7533455,111496166.355423,126908465.922063,108828544.570357,140373737.268583,169668449.489583,108840086.423874,96449877.0838033,95348525.1917313,194201408.788436,92247730.9426541,141097030.34391,59119223.8981489,32733410.9928006,25637115.5013862,..
"Foreign direct investment, net inflows (BoP, current US$)",BX.KLT.DINV.CD.WD,Benin,BEN,39264307.4264209,-12763065.7457853,16724905.8293049,-19304487.4077906,10614240.6548008,-40701529.9726062,-8785364.69529622,-12352499.8489782,139006086.840239,48016408.3225725,-18732013.5573172,53454932.9907285,161091309.01743,281564661.094923,360240965.326816,405197656.01573,149642289.651405,131685942.707144,184358176.468084,..
"Foreign direct investment, net inflows (BoP, current US$)",BX.KLT.DINV.CD.WD,Bermuda,BMU,60500000,66900000,41800000,5400000,12900000,831600000,43700000,-88170000,617153591.794277,171529641.632488,-70747817.1664244,222710475.853259,-257865988.558357,47614095.0743783,54904045.8298395,-3425440.52413015,-143094386.12,-73213793.633562,-288109270.997092,..
"Foreign direct investment, net inflows (BoP, current US$)",BX.KLT.DINV.CD.WD,Bhutan,BTN,1050274.7623,..,..,2425411.89830139,3370306.52615852,8859907.53919654,6210884.3537415,6122702.14271106,73855769.764882,3144001.01949936,18299707.2343963,75274009.0283126,31141614.8601365,24380673.5733894,20433631.0650379,23534931.751976,6450953.8497443,11884162.3485119,-16553759.9525494,..
"Foreign direct investment, net inflows (BoP, current US$)",BX.KLT.DINV.CD.WD,Bolivia,BOL,1010500000,736350000,705756000,676543000,197400000,65430000,-238620000,280763457,366294241.538303,512335605.237139,423040000,621997989.548348,858941070.400943,1059965390.78481,1749612614.39791,656566350.80003,554643532.297183,335365530.426077,724658401.163528,..
"Foreign direct investment, net inflows (BoP, current US$)",BX.KLT.DINV.CD.WD,Bosnia and Herzegovina,BIH,176780594.760508,146075610.876644,118495219.813023,267769568.956599,381784637.391406,889597294.548592,623812851.5592,845962876.359591,1841972230.25245,1004852659.85344,138511019.727863,443840207.092831,471610992.220788,391976946.375189,313295008.331529,544866345.45742,383089615.729344,282754349.3666,462732353.504634,..
"Foreign direct investment, net inflows (BoP, current US$)",BX.KLT.DINV.CD.WD,Botswana,BWA,36675065.7829259,57171313.1719089,30680473.5531892,407997828.632639,418040911.863625,390889365.258246,420853645.921794,486912042.119022,494635511.689802,520918009.896953,208699416.069409,218380384.210613,1371087723.99501,542804860.564885,398456549.594684,515184275.524134,679446475.856951,129127201.646785,400570859.794556,..
"Foreign direct investment, net inflows (BoP, current US$)",BX.KLT.DINV.CD.WD,Brazil,BRA,28576000000,32994718699.75,23225846372.251,16586600193.114,10123013670.9901,18181190855.2842,15459981604.1196,19378093068.2773,44579492463.6336,50716402711.4787,31480932200,88452079263.99,101157817518.34,86606502980.75,69686087840.68,97179590334.89,74718044773.96,77794463496.95,70685049297.95,..
"Foreign direct investment, net inflows (BoP, current US$)",BX.KLT.DINV.CD.WD,British Virgin Islands,VGB,..,8097368000,3789513000,5450735000,9660469000,28309793000,-7142342000,12024132000,37156954000,52610339000,42052740000,50946398000,58045453000,75492506000,109576661000,45895947000,25680110000,43498179000,38358079000,..
"Foreign direct investment, net inflows (BoP, current US$)",BX.KLT.DINV.CD.WD,Brunei Darussalam,BRN,..,..,60694643.6567847,229671955.675396,123820911.146427,113205866.961457,175068516.562807,87839128.3133849,257635717.48831,222184549.489168,325586827.786629,480722546.956018,691170274.502945,864905527.50146,775641999.088853,567889727.238288,171289167.823995,-150550827.310313,467927550.316567,..
"Foreign direct investment, net inflows (BoP, current US$)",BX.KLT.DINV.CD.WD,Bulgaria,BGR,818788154.863275,1001503841.99968,812942201.973002,904659791.087722,2096788700.05598,3072550961.81564,4098122930.77934,7874476255.43262,13875270456.9117,10296720633.7243,3896664559.17164,1842900000,2103810000,1788110000,1989040000,1093600000,2609370000,1562800000,2182120000,..
"Foreign direct investment, net inflows (BoP, current US$)",BX.KLT.DINV.CD.WD,Burkina Faso,BFA,7925950.8299,23219874.8662179,9164593.58574799,16063399.5553789,30831022.5795712,3829373.7854423,32254080.6130933,83774772.5475289,21683121.7550587,33056780.4110799,56426881.7661007,38832813.0768907,143657274.755751,329300811.215413,490264030.526046,356821732.388408,231726245.403083,390311401.377249,485895760.826348,..
"Foreign direct investment, net inflows (BoP, current US$)",BX.KLT.DINV.CD.WD,Burundi,BDI,238660.308306532,11683518.1913211,-11440.9127038289,..,..,44690.7076028704,584701.692574563,31593.7781888499,500245.093059071,3833208.34759484,348404.534569828,780582.003631939,3354999.1805922,604919.651526489,116727136.517749,81747197.2345183,49622865.7705811,55420.3566564864,316473.449369742,..
"Foreign direct investment, net inflows (BoP, current US$)",BX.KLT.DINV.CD.WD,Cabo Verde,CPV,53318559.5158824,34202238.3816146,9010186.20568656,14759046.6769552,39216510.8127633,67638273.8033899,80513541.3322083,131539968.034584,191764359.163339,210903689.269434,126003552.248347,116200563.572313,102246382.223796,128009964.769677,89297443.9961387,180589795.413074,96071472.8368678,125330054.936456,110006483.429323,..
"Foreign direct investment, net inflows (BoP, current US$)",BX.KLT.DINV.CD.WD,Cambodia,KHM,232238729.45348,118308566.310881,146481995.063845,130956363.872694,81580650.5580651,131416229.281784,379180190.600283,483209382.712787,867288538.643543,815180217.958376,928393617.348897,1404315448.8853,1538883424.90021,2003849201.69166,2068470774.00468,1853471158.09921,1822804151.25712,2475915853.65763,2788084321.65816,..
"Foreign direct investment, net inflows (BoP, current US$)",BX.KLT.DINV.CD.WD,Cameroon,CMR,-15494743.3000537,159311347.966861,-11658187.0086996,502881968.71017,334137809.921051,67863015.1171009,243504753.307842,59069772.8495725,189330876.448617,20910875.6177364,743285027.269427,535742601.499259,652411755.806169,527394101.244601,547249169.110124,724889079.351744,694057556.551568,663789440.657371,814001700.79441,..
"Foreign direct investment, net inflows (BoP, current US$)",BX.KLT.DINV.CD.WD,Canada,CAN,24788755778.1258,68309240320.0149,28392596347.2415,24496718382.1588,7011850119.93988,1441912586.52448,25545319851.8862,64302242674.7711,120423072126.687,70116945930.5349,20931399830.4229,29712896615.6289,38318064818.6211,49377811366.8943,67047596417.914,64100008922.0735,61642188665.8004,34612041093.0497,27525629250.6898,..
"Foreign direct investment, net inflows (BoP, current US$)",BX.KLT.DINV.CD.WD,Cayman Islands,CYM,6475830000,7626860000,3922820000,-195890000,-2688560000,9669090000,9505953000,24820124000,28212246000,20152558000,21142340000,8952257000,16014200000,8298842000,51047734000,20004039000,52430528000,39865060000,37433209000,..
"Foreign direct investment, net inflows (BoP, current US$)",BX.KLT.DINV.CD.WD,Central African Republic,CAF,5976946.5274,889074.912637505,5183898.81029522,5644286.55873559,11300000,15100000,10100000,34670000,56750000,117110000,42280000,61520000,36908455.8896391,70035157.3288679,1852792.61190451,3475007.991,3000000,7418926.34969823,17179339.6750223,..
"Foreign direct investment, net inflows (BoP, current US$)",BX.KLT.DINV.CD.WD,Chad,TCD,24524970.8055,115172421.542299,459866391.829084,924119210.086831,712663454.920853,466793492.149124,-99342519.3566245,-278414000,-321655000,466131000,374900000,313000000,281900000,579793037.390775,520200793.45802,-675545847.112244,559443536.818454,244487345.615055,334997123.662935,..
"Foreign direct investment, net inflows (BoP, current US$)",BX.KLT.DINV.CD.WD,Channel Islands,CHI,..,..,..,..,..,..,..,..,..,..,..,..,..,..,..,..,..,..,..,..
"Foreign direct investment, net inflows (BoP, current US$)",BX.KLT.DINV.CD.WD,Chile,CHL,8761016217.84,4860015667.52,4199763048.85,2549923142.41108,4026497832.75699,6797252642.36959,7462207179.80944,7586190389.76648,13474760472.5025,18473102612.1039,13855126064.8962,16019683111.6555,24149598879.9503,30292554797.5389,20824865443.2657,23736252540.8038,21050769694.5994,12373872558.9818,6418583061.10491,..
"Foreign direct investment, net inflows (BoP, current US$)",BX.KLT.DINV.CD.WD,China,CHN,38753000000,42095300000,47053000000,53073618897.4036,57900937467.3864,68117272181.2194,104108693867.085,124082035618.506,156249335203.202,171534650311.569,131057052869.5,243703434558.178,280072219149.935,241213868161.42,290928431467.003,268097181064.335,242489331627.399,174749584584.051,168223583736.789,..
"Foreign direct investment, net inflows (BoP, current US$)",BX.KLT.DINV.CD.WD,Colombia,COL,1507907130.44589,2436459923.42856,2541942612.20739,2133698124.14946,1720493455.49813,3115635873.52058,10235419011.1676,6750618034.74878,8885767539.67293,10564151395.4527,8034565809.71927,6429772237.74852,14646779979.4506,15039331646.0885,16209390068.2707,16167022827.2402,11723216758.3177,13850061983.7298,14013379725.6243,..
"Foreign direct investment, net inflows (BoP, current US$)",BX.KLT.DINV.CD.WD,Comoros,COM,271000,93636.11507504,1145914.99493433,430423.479313848,791465.102946359,671354.693890846,558643.248749362,777728.34585899,7681783.08246288,4631824.18450966,13784111.9489669,8342263.1250314,23088175.8019521,10375785.658299,4230442.06456108,4678330.4361,5146839.5062,8015624.66577563,8607994.46649785,..
"Foreign direct investment, net inflows (BoP, current US$)",BX.KLT.DINV.CD.WD,"Congo, Dem. Rep.",COD,11160000,94190400,102221900,187598693.693694,391254723.550069,409032814.51248,180000000,256100000,1808000000,1726800000,-243200000,2742300000,1596024303.85686,2891607809.09542,1697585830.80626,1499572152.49797,1265374483.88029,822920447.345381,1053658066.1717,..
"Foreign direct investment, net inflows (BoP, current US$)",BX.KLT.DINV.CD.WD,"Congo, Rep.",COG,538212550.239714,-97897925.1179687,-135361238.247372,199155450.954144,219545648.817082,88399286.0999307,800996241.640624,1487693084.45892,1422370639.41635,1940120150.91702,1184284700.65489,1520744890.62462,298288001.186385,-69253909.3686667,1878325499.2761,2887256932.11379,4278118364.98033,50574345.3391363,1158816776.11755,..
"Foreign direct investment, net inflows (BoP, current US$)",BX.KLT.DINV.CD.WD,Costa Rica,CRI,619469212,723426415.264239,621846413.159734,723172624.768835,774386239.764205,1083718486.49799,1528787464.115,1801002598.41588,2241492021.19677,2436112218.26755,1614614468.45234,1906923793.45078,2733268839.98155,2696295210.67893,3205384976.80294,3242149796.9724,2955521680.83967,2620435490.61534,2856006597.34999,..
"Foreign direct investment, net inflows (BoP, current US$)",BX.KLT.DINV.CD.WD,Cote d'Ivoire,CIV,323675947.635538,234701641.053396,272680081.703965,212629136.66552,165347467.486846,282979933.109701,348920761.502346,350652855.728047,443215533.117434,466489596.954486,396030773.972889,358118908.982355,301577298.55306,330274411.529178,407476278.301898,438772570.981003,494209964.321162,577479244.096434,674683759.473231,..
"Foreign direct investment, net inflows (BoP, current US$)",BX.KLT.DINV.CD.WD,Croatia,HRV,1452386278.07328,1056781254.72467,984168063.019211,953751427.253018,1826223974.97394,1293085521.96946,1794317620.12721,3299038091.69786,4567377358.86025,5187844808.8034,3198815037.16804,1424108328.1181,1417600259.48312,1465100044.52763,937309759.586375,3959857736.72732,158968737.615967,1864321647.92408,2040460130.73536,..
"Foreign direct investment, net inflows (BoP, current US$)",BX.KLT.DINV.CD.WD,Cuba,CUB,..,..,..,..,..,..,..,..,..,..,..,..,..,..,..,..,..,..,..,..
"Foreign direct investment, net inflows (BoP, current US$)",BX.KLT.DINV.CD.WD,Curacao,CUW,..,..,..,..,..,..,..,..,105698324.022346,146536312.849162,55251396.6480447,89329608.9385475,70502234.6368715,69702234.6368715,-1508379.88826815,69296089.3854749,146435754.189944,133083798.882682,172681564.24581,..
"Foreign direct investment, net inflows (BoP, current US$)",BX.KLT.DINV.CD.WD,Cyprus,CYP,813054280.084962,854874285.662108,944742873.957096,1103449726.13198,908147517.991038,1118841808.54651,1161973511.03819,1872392934.88876,2295454939.77526,2337953031.23866,2830582843.30053,13596805274.1596,-11920544949.5203,49600567279.3727,-6025166434.49989,-754354504.948983,8106710245.6904,8231019093.26128,11018805947.5812,..
"Foreign direct investment, net inflows (BoP, current US$)",BX.KLT.DINV.CD.WD,Czech Republic,CZE,6312596675.96249,4987079129.26384,5640707235.87483,8496609035.7758,2021275745.95501,6423465150.75736,13730164683.4592,7132002407.70599,13815656003.7033,8815393022.10815,5271613701.7927,10167834374.8186,4188736491.29368,9433199804.77647,7357578652.57,8088661929.8803,1699914616.60242,10850612308.2062,9210079461.8537,..
"Foreign direct investment, net inflows (BoP, current US$)",BX.KLT.DINV.CD.WD,Denmark,DNK,16847919225.9809,36013297907.195,9286404805.96887,4430703178.95052,1184825159.91313,-8804165491.1002,12847031342.3671,2385249288.38419,11809448518.2128,2191215665.76653,3771059440.08035,-11767861925.0632,13558894634.3461,-16349825685.2634,680338945.938662,6577348986.65252,1850770714.86075,7626405301.91449,2357373493.81492,..
"Foreign direct investment, net inflows (BoP, current US$)",BX.KLT.DINV.CD.WD,Djibouti,DJI,3212901.12029529,3286049.48205333,3392958.62616123,3432346.2055694,14224542.9634089,38543559.8494269,22203341.1920932,108287709.387186,195351140.270424,227654582.182184,96859684.5617569,36501032.5172602,79000230.6986794,109998255.692912,286004467.676864,152998382.294329,123998424.487959,159998874.634256,165001125.365744,..
"Foreign direct investment, net inflows (BoP, current US$)",BX.KLT.DINV.CD.WD,Dominica,DMA,17955555.5555556,17596296.2962963,17115925.9259259,20110637.037037,31472140.7407407,26173948.1481481,19235559.2592593,25907525.9259259,40486774.8148148,56548262.962963,42420685.5555556,24341705.1851852,14192972.5925926,23152398.1481481,17915757.4074074,14324196.1365035,11051185.7333333,41154792.847963,-2112051.52348547,..
"Foreign direct investment, net inflows (BoP, current US$)",BX.KLT.DINV.CD.WD,Dominican Republic,DOM,1337800000,989000000,1087900000,926000000,616530000,934480000,1118400000,1528700000,2252900000,2728400000,1695300000,1820200000,2197500000,3415900000,1599900000,2385300000,2227300000,2516100000,3597200000,..
"Foreign direct investment, net inflows (BoP, current US$)",BX.KLT.DINV.CD.WD,Ecuador,ECU,648410000,-23439367.9139981,538568575.17,783261009.55,871513414.023619,836939593.895645,493413835.545644,271428852.53,193872526.93,1057036020.15482,308548890.109,165836320.363638,644072358.687904,567487300.85638,727033206.263418,772269946.091118,1322490337.30748,767413868.12224,618432412.2592,..
"Foreign direct investment, net inflows (BoP, current US$)",BX.KLT.DINV.CD.WD,"Egypt, Arab Rep.",EGY,1065300000,1235000000,509900000,646900000,237400000,1253300000,5375600000,10042800000,11578100000,9494600000,6711600000,6385600000,-482700000,2797700000,4192200000,4612200000,6925200000,8106800000,7391700000,..
"Foreign direct investment, net inflows (BoP, current US$)",BX.KLT.DINV.CD.WD,El Salvador,SLV,215800000,173400000,278900000,470000000,141200000,363270000,511140000,241130000,1550510000,903050000,368730000,-113160683.724283,122500004.314785,430126687.532424,245179098.280128,506295970.34993,494541718.092298,479469380.713821,330917516.659593,..
"Foreign direct investment, net inflows (BoP, current US$)",BX.KLT.DINV.CD.WD,Equatorial Guinea,GNQ,154296173.9421,154499589.873816,940741215.678838,323391507.457804,689779766.001376,340914468.516047,769146185.171423,469506014.649353,1242731087.26451,-793872332.823439,1636219625.31714,2734000000,1975000000,985256411.512026,582948749.089143,167875165.599749,233242320.486243,53955827.9978053,304074312.247895,..
"Foreign direct investment, net inflows (BoP, current US$)",BX.KLT.DINV.CD.WD,Eritrea,ERI,83222078.1431869,27870106.71,12131626.5,22766165.86,24999786.56,24103664.84,1431553.832,15375609.76,7206504.065,39000000,91000000,91000000,39000000,41358136.65,43858858.13,46510785.84,49323061.48,52305000,55468000,..
"Foreign direct investment, net inflows (BoP, current US$)",BX.KLT.DINV.CD.WD,Estonia,EST,305183394.217294,416214286.787887,592889580.182473,338234260.376913,1037745582.89648,1086502852.96118,3127298002.07021,2212181185.41304,3429043145.33097,1873250284.80747,1865561409.88628,2592803326.67143,1118556803.53608,1788040739.48022,1098646096.3363,1780989569.30499,-714370930.343786,939248602.501359,1555186131.82212,..
"Foreign direct investment, net inflows (BoP, current US$)",BX.KLT.DINV.CD.WD,Eswatini,SWZ,98270489.5571516,90658006.1898745,29330084.3469718,92945313.1719954,-60190680.4797119,69582011.8372508,-45850344.677386,121031132.733167,37493846.2379167,105729374.657006,65705859.515037,135660413.694601,98708321.7157849,26480002.3332333,81790158.3971155,25782635.1713071,31498094.370293,26852077.6519874,-59462742.8777851,..
"Foreign direct investment, net inflows (BoP, current US$)",BX.KLT.DINV.CD.WD,Ethiopia,ETH,69980000,134640000,349400000,255000000,465000000,545100000,265111675.482385,545257102.2,222000573,108537544,221459581.4,288271568.250744,626509560.351343,278562822.162861,1343876023.73137,1855050375.57801,2626520129.68937,3988953391.67599,4017159564.65434,..
"Foreign direct investment, net inflows (BoP, current US$)",BX.KLT.DINV.CD.WD,Faroe Islands,FRO,..,..,..,..,..,..,..,..,..,..,..,..,..,..,..,..,..,..,..,..
"Foreign direct investment, net inflows (BoP, current US$)",BX.KLT.DINV.CD.WD,Fiji,FJI,-33204290.1567557,591375.114626099,41301661.8470268,30674592.4352292,40313853.1329202,250618684.707101,184929270.355653,460444078.462108,377939524.321663,338522354.580362,160649876.137796,356156642.660059,402356103.357028,375988474.164292,264709009.793542,347993346.472806,307878423.719429,281832467.498006,300456697.525836,..
"Foreign direct investment, net inflows (BoP, current US$)",BX.KLT.DINV.CD.WD,Finland,FIN,4649170220.86788,13499419748.1522,3222225508.97586,8080985211.98093,5963557456.14468,6771281519.43878,10875828408.3114,4631613503.99188,21985066155.0099,19403176597.8441,-8826514766.94336,12226437615.5386,-6008160154.38709,4932843235.40106,-4940707105.97727,17243598342.2252,16843228522.129,4503963931.05013,14197916867.3991,..
"Foreign direct investment, net inflows (BoP, current US$)",BX.KLT.DINV.CD.WD,France,FRA,45986859387.4475,41382267637.1702,50126614944.0104,51493238175.3571,42324928757.8752,35581202492.2809,85179159787.3156,78945704919.8979,83780962091.2732,67999194663.2055,18380195792.7671,38899924637.7217,44191741839.7551,32950453827.8547,31589259642.153,5809580555.10443,42803255076.3836,45349681277.976,47335618618.877,..
"Foreign direct investment, net inflows (BoP, current US$)",BX.KLT.DINV.CD.WD,French Polynesia,PYF,..,2000000,-19170000,10930935.8556037,58213238.4950583,6420023.00862775,7818937.09019394,30649550.5407316,58249411.6366849,13884094.4749379,21843717.5640801,64303751.4213863,133839517.312067,147199569.589671,99207173.3507257,61928773.3065056,26007149.1590192,61544514.3227108,47241927.1274828,..
"Foreign direct investment, net inflows (BoP, current US$)",BX.KLT.DINV.CD.WD,Gabon,GAB,-156621952.171442,278061231.967685,-100615451.014713,1160708.31013769,99666154.0233407,313970792.039638,326161877.897877,267805000,710718982.4,760163030.2,663998523.8,521665631,874873163.5,-220873665.8,771192615.982512,1047702840.73096,990434781.195208,1240984043.94952,1498038419.66195,..
"Foreign direct investment, net inflows (BoP, current US$)",BX.KLT.DINV.CD.WD,"Gambia, The",GMB,..,43520000,35480000,42826666.6666667,18272720.342347,55526319.4407831,53650280.019084,82208102.587765,78094820.9585794,70792382.3207138,39447343.7084005,37140887.8131734,36077136.0813735,41183457.7698366,68340322.378848,23014092.0424561,-1692732.88803125,-1132320.07009154,5445631.48903737,..
"Foreign direct investment, net inflows (BoP, current US$)",BX.KLT.DINV.CD.WD,Georgia,GEO,82300000,131466678.34,109871635.49,160398660.46,334891041.62,492732940.01,453107292.01,1171394522.25,1880018941.12,1596712488.36,658217023.14,900378254.44,1166064355.34,942896945.05,1028019553.35,1817880234.53,1659056485.19,1570511964.585,1829933045.43,..
"Foreign direct investment, net inflows (BoP, current US$)",BX.KLT.DINV.CD.WD,Germany,DEU,55906671343.5536,247986590494.919,56930659865.426,51222015764.7202,65348359020.9572,-20444719445.6139,59855759874.2003,87441737295.5494,50845049518.8358,30926055579.1302,56668665257.6315,86053684912.306,97480731019.8159,65464274951.493,67407574806.8454,19778357283.9228,54117739829.4413,58056857838.5927,77983391530.4459,..
"Foreign direct investment, net inflows (BoP, current US$)",BX.KLT.DINV.CD.WD,Ghana,GHA,243700000,165900000,89320000,58930000,136751000,139270000,144970000,636010000,1383177929.85458,2714916343.69978,2372540000,2527350000,3247588000,3294520000,3227000000,3363389444.44444,3192320530.7897,3485333369.27964,3254990000,..
"Foreign direct investment, net inflows (BoP, current US$)",BX.KLT.DINV.CD.WD,Gibraltar,GIB,130610000,2007958000,-12276000,-7638000,29172000,217138000,301404000,552282000,2359387000,4179292000,3084508000,710374000,7553969000,952301000,-1334670000,-3156188000,-2174517000,-2292718000,-2541141000,..
"Foreign direct investment, net inflows (BoP, current US$)",BX.KLT.DINV.CD.WD,Greece,GRC,567300000,-8200000.00000003,2000000.00000007,34197830.0970491,1407469096.17284,2147448817.27506,689960219.877322,5409239580.64895,1957669988.65975,5733408743.96952,2762586782.18351,533689272.693432,1092091923.76527,1663327172.79259,2945417938.39579,2696796378.89563,1268311157.93303,2697870440.82408,3571265224.69157,..
"Foreign direct investment, net inflows (BoP, current US$)",BX.KLT.DINV.CD.WD,Greenland,GRL,..,..,..,..,..,..,..,..,..,..,..,..,..,..,..,..,..,..,..,..
"Foreign direct investment, net inflows (BoP, current US$)",BX.KLT.DINV.CD.WD,Grenada,GRD,41551851.8518518,37407407.4074074,58748148.1481481,54488888.8888889,89166666.6666667,65014333.3333333,70157129.6296296,89787148.1481481,156554796.666667,134832583.333333,102556362.962963,60420861.1111111,42648183.7037037,31489862.962963,74688413.3333333,88959353.4720933,150889495.247267,94898025.9130263,111670867.272206,..
"Foreign direct investment, net inflows (BoP, current US$)",BX.KLT.DINV.CD.WD,Guam,GUM,..,..,..,..,..,..,..,..,..,..,..,..,..,..,..,..,..,..,..,..
"Foreign direct investment, net inflows (BoP, current US$)",BX.KLT.DINV.CD.WD,Guatemala,GTM,154600000,-788600000,-936494410.38247,-1016996773.78154,19488617.59936,321400000,540000000,635300000,859200000,751109109.785799,696452714.285715,845598200,1139659133.4,1263638428.66,1353141908,1165765000,1175523400,1174500000,1013100000,..
"Foreign direct investment, net inflows (BoP, current US$)",BX.KLT.DINV.CD.WD,Guinea,GIN,63452427,9942000,1677000,0,78966000,0,105000000,125000000,385900000,381880000,91030000,101350000,956060000,605560000,189999.999999999,-73758603.6635933,53272458.4212994,1618447260.26485,577380000,..
"Foreign direct investment, net inflows (BoP, current US$)",BX.KLT.DINV.CD.WD,Guinea-Bissau,GNB,730876.6134,702270.8631,395613.596288615,3561035.87856828,4005503.68688217,1915633.35188715,8692468.08975684,17887123.56,18770117.49192,6630074.02775762,18890200,26240200,25024047.388377,6624917.19274534,19639703.7983811,28852727.6882278,18575499.4478127,14221700,16552849.7273439,..
"Foreign direct investment, net inflows (BoP, current US$)",BX.KLT.DINV.CD.WD,Guyana,GUY,46000000,67100000,56000000,43600000,26100000,30000000,76800000,102400000,152400000,178000000,164000000,198000000,246800000,277910000,200558390,237750048.55,137700000,31999078.1659401,212151381.74184,..
"Foreign direct investment, net inflows (BoP, current US$)",BX.KLT.DINV.CD.WD,Haiti,HTI,30000000,13250000,4400000,5700000,13800000,5900000,26000000,160600000,74500000,29800000,55470000,178000000,119000000,156000000,161918586.25,99000000,105680000,104900000,374855000,..
"Foreign direct investment, net inflows (BoP, current US$)",BX.KLT.DINV.CD.WD,Honduras,HND,237300000,349978000,309826700,287314900,390166272.910663,592320092.945897,601059572.180071,717591908.177828,966926354.327952,1200798087.04613,494497450.521718,607376418.071286,1042571020.7703,1081346795.58822,1069029263.15978,1704790710.03868,1316679827.33597,1147030449.99683,1264579024.48523,..
"Foreign direct investment, net inflows (BoP, current US$)",BX.KLT.DINV.CD.WD,"Hong Kong SAR, China",HKG,24577828057.7074,70495739305.8458,31291719644.6149,6747855220.81764,18567357065.2331,22194238604.966,40963127270.6954,44901793968.8764,62121011424.0703,67035187587.6672,54275707074.2544,82709142976.2978,96135081265.0953,74887135901.3219,76857453417.8737,129847455921.475,181047431127.246,133259182324.997,122401060131.695,..
"Foreign direct investment, net inflows (BoP, current US$)",BX.KLT.DINV.CD.WD,Hungary,HUN,3307673094.3683,2747712559.81382,4058819560.69834,3643428379.51995,4157510420.33352,4538099567.15789,8505362816.56334,18678720024.6862,70631297038.9164,75013000490.3306,-2967152013.42159,-20933508134.1745,10506179880.4411,10618888828.859,-3772123439.3159,12886347023.9254,-5517128093.46639,69096545134.2602,-13483539881.767,..
"Foreign direct investment, net inflows (BoP, current US$)",BX.KLT.DINV.CD.WD,Iceland,ISL,65401658.6889091,155160734.106047,163445772.282048,91905493.0570106,335355205.005774,755317000.399857,3093680067.57088,3876554983.10737,6872169567.20657,1203686964.67602,63588140.7547116,256983077.65458,1106959502.31582,1024171880.34949,472607545.774898,766775539.042214,1145767444.82301,-1066286957.46864,-7016884950.40665,..
"Foreign direct investment, net inflows (BoP, current US$)",BX.KLT.DINV.CD.WD,India,IND,2168591054.37925,3584217307.18756,5128093561.62688,5208967106.27894,3681984671.43429,5429250989.85717,7269407225.61438,20029119267.1396,25227740886.6819,43406277075.8109,35581372929.6642,27396885033.7838,36498654597.8589,23995685014.2142,28153031270.3203,34576643694.1383,44009492129.5319,44458571545.798,39966091358.7384,..
"Foreign direct investment, net inflows (BoP, current US$)",BX.KLT.DINV.CD.WD,Indonesia,IDN,-1865620963.49087,-4550355285.71428,-2977391857.14286,145085548.722222,-596923827.786241,1896082770,8336257207.64285,4914201435.40071,6928480000,9318453649.82664,4877369178.43651,15292009410.5099,20564938226.7185,21200778607.8727,23281742361.5305,25120732059.5134,19779127976.9576,4541713739.23769,21464553719.3502,..
"Foreign direct investment, net inflows (BoP, current US$)",BX.KLT.DINV.CD.WD,"Iran, Islamic Rep.",IRN,35000000,193575000,408118760,3519380360,2877481500,3037299840,2889191670,2317538500,2017791750,1979988010,2983421910,3648972410,4276718690,4661734400,3049945000,2105494000,2050000000,3372000000,5019000000,..
"Foreign direct investment, net inflows (BoP, current US$)",BX.KLT.DINV.CD.WD,Iraq,IRQ,-6900000,-32000,-6656000,-326000,1000000000,300000000,515300000,383000000,971800000,1855700000,1598300000,1396200000,2082000000,3400000000,5131400000,4781800000,3316300000,146400000,-5032400000,..
"Foreign direct investment, net inflows (BoP, current US$)",BX.KLT.DINV.CD.WD,Ireland,IRL,18322769074.4639,25501012792.2023,9572506272.24899,29477434763.1211,22410807389.035,-10994234313.2414,47028464779.1667,22080936155.176,59941052659.7903,23258563614.0438,53935264225.1133,37763638573.1618,23664918434.7124,40961642315.2272,49960134752.2324,86765614578.4911,235355989626.205,79163353503.4151,-3435981232.05423,..
"Foreign direct investment, net inflows (BoP, current US$)",BX.KLT.DINV.CD.WD,Isle of Man,IMN,..,..,..,..,..,..,..,..,..,..,..,..,..,..,..,..,..,..,..,..
"Foreign direct investment, net inflows (BoP, current US$)",BX.KLT.DINV.CD.WD,Israel,ISR,4150000000,8047500000,1771300000,1582500000,3322000000,2946900000,4818400000,14395500000,8798100000,10274200000,4606900000,6984700000,8653000000,9017300000,11842200000,6048900000,11336200000,11988000000,18168900000,..
"Foreign direct investment, net inflows (BoP, current US$)",BX.KLT.DINV.CD.WD,Italy,ITA,6942860356.75345,13176403310.8984,14873909552.7108,17216956813.3538,19552932110.9414,20086849958.4175,36777786838.5297,56964903121.093,65987320735.5399,-9500316172.95794,16574423267.733,9937474797.02774,34443576599.8205,34812127.5551014,19530574590.5205,17028003371.6525,13299083868.094,19635898219.4769,9235201167.26532,..
"Foreign direct investment, net inflows (BoP, current US$)",BX.KLT.DINV.CD.WD,Jamaica,JAM,523700000,419600000,576500000,443800000,683500000,559365888.026738,637901995.872958,842342788.336148,811902426.322257,1376602630.06182,485164640.147181,185775630.598887,172757165.409787,413333448.071632,544747561.767059,582148741.614112,924977863.710038,927976718.982491,885730368.524114,..
"Foreign direct investment, net inflows (BoP, current US$)",BX.KLT.DINV.CD.WD,Japan,JPN,12308393448.1354,10688168325.6084,4926033619.18462,11557373873.9419,8771535612.31506,7527948175.22325,5459618342.94079,-2396909736.30508,21631204435.6847,24624845329.5648,12226471578.7439,7440979284.16286,-850717035.068239,546962692.190728,10648441636.2071,19752249424.0871,5252218412.39172,39323365428.3809,18837524124.6511,..
"Foreign direct investment, net inflows (BoP, current US$)",BX.KLT.DINV.CD.WD,Jordan,JOR,157968970.380818,913258110.014104,273628171.251894,238222874.679327,546967559.943583,936812411.847673,1984485190.40903,3544005641.74894,2622144778.84372,2826744496.33301,2413098591.5493,1688394366.19718,1486056338.02817,1548450704.22535,1946597204.0421,2178450704.22535,1600281690.14085,1552957746.47887,2029718309.85915,..
"Foreign direct investment, net inflows (BoP, current US$)",BX.KLT.DINV.CD.WD,Kazakhstan,KAZ,1587000000,1370521199.1464,2816823050,2588491060,2483253230,5615262947,2546065710,7611168450,11972842988.7618,16818890680,14275888207.0145,7456117901.08145,13760291528.5034,13648134373.8439,10011293285.3074,7224628644.25121,6379438049.679,16900713707.9215,4654211190.52606,..
"Foreign direct investment, net inflows (BoP, current US$)",BX.KLT.DINV.CD.WD,Kenya,KEN,51953455.9539555,110904550.399762,5302622.93940566,27618447.058206,81738242.6366212,46063931.4543862,21211685.395223,50674725.1830696,729044146.04372,95585680.233444,116257608.986359,178064606.752108,1450474757.0818,1380173661.94265,1118825000.19331,820937598.36054,619724470.476665,393359420.852844,671488392.89233,..
"Foreign direct investment, net inflows (BoP, current US$)",BX.KLT.DINV.CD.WD,Kiribati,KIR,451627.4719,721810.265359485,-273476.290963257,249788.10796714,670758.993715586,1953667.95366795,2606016.17448281,568432.866937296,1153047.1018,-1267679.26219092,4995548.97813979,-6602470.86768583,-348737.579186123,-2385943.8195343,-131575.358240886,1234303.40578202,837637.744801765,2065230.15146414,1366666.66666667,..
"Foreign direct investment, net inflows (BoP, current US$)",BX.KLT.DINV.CD.WD,"Korea, Dem. People’s Rep.",PRK,-14880000,11056000,-19693000,5643000,5630000,65035000,-5943000,-236073000,20900000,172366000,12790000,19464000,119051000,227758000,118661000,82536000,82063000,25564000,63388000,..
"Foreign direct investment, net inflows (BoP, current US$)",BX.KLT.DINV.CD.WD,"Korea, Rep.",KOR,9333400000,11509400000,6522300000,5475100000,7010000000,13294400000,13643200000,9161900000,8826900000,11187500000,9021900000,9497400000,9773000000,9495900000,12766600000,9273600000,4104100000,12104300000,17052800000,..
"Foreign direct investment, net inflows (BoP, current US$)",BX.KLT.DINV.CD.WD,Kosovo,XKX,..,..,..,..,..,53289638.6129271,133823510.191887,369808407.377873,603224093.070722,536790831.642559,402847888.3235,490158213.707258,534965561.187028,293195749.631414,371512479.014548,199793790.641065,343256140.808565,243732494.342157,324803899.584353,..
"Foreign direct investment, net inflows (BoP, current US$)",BX.KLT.DINV.CD.WD,Kuwait,KWT,72269842.4517435,16299834.3665164,-111516284.529561,3619441.97735906,-67111499.3383339,23752969.1211401,233904109.589041,121305596.280329,111535690.174729,-5951752.85941426,1113588046.64934,1304627500.01185,3259067552.4562,2872588962.21562,1433630444.12308,485806657.75508,284647623.805362,292026510.202096,113012065.007347,..
"Foreign direct investment, net inflows (BoP, current US$)",BX.KLT.DINV.CD.WD,Kyrgyz Republic,KGZ,44412800,-2360124.96095706,5006732.8770432,4661963.54471303,45544627.8,175458810.076826,42565248.3,182022902.5,207919477.6,376992152.1,189377400,472768300,685760800,260927500,612016900,343010700,1144054000,619220700,-107212800,..
"Foreign direct investment, net inflows (BoP, current US$)",BX.KLT.DINV.CD.WD,Lao PDR,LAO,51608266.5602,33890000,23904284.1333334,4451297.0311068,19484000.8001107,16917263,27720000,187310641,323520000,227770000,318598209.09,278805903.12,300743507.13,617755394.539664,681397257.103792,867646121.708671,1077759914.58895,935296172.783645,1599365808.26742,..
"Foreign direct investment, net inflows (BoP, current US$)",BX.KLT.DINV.CD.WD,Latvia,LVA,347600000,324227514.251283,173485503.256379,159978989.567442,316335164.097667,591016370.929425,810406848.732187,1704978769.68467,2713740044.9203,1432688544.37671,-32391422.0913188,435492262.776266,1500490481.22611,1078662408.44526,989503245.98639,939828387.756663,838627741.071643,243503898.535808,1137669497.77868,..
"Foreign direct investment, net inflows (BoP, current US$)",BX.KLT.DINV.CD.WD,Lebanon,LBN,..,993475000,1453907000,1335970000,2860020313.18818,1898780570.45821,2623502612.40255,2674534372.19901,3375980757.8597,4333045470.38383,4803602660.45614,4279880834.52716,3137050287.82454,3111314999.56776,2661087127.63357,2862509426.68976,2159289951.73814,2568485071.03607,2558729287.49599,..
"Foreign direct investment, net inflows (BoP, current US$)",BX.KLT.DINV.CD.WD,Lesotho,LSO,163340657.21605,32403928.0879326,29695245.8764433,28391254.961737,43948139.9839825,55671430.9384429,27441449.2287924,24322286.6909769,75616001.7238195,11009973.0619522,91349553.1016211,9507301.29575922,61173319.2085146,56653435.2330933,50429031.3406278,94459059.3645602,113220010.397593,78477881.3597146,43161840.1417287,..
"Foreign direct investment, net inflows (BoP, current US$)",BX.KLT.DINV.CD.WD,Liberia,LBR,256260000,20800000,8300000,2800000,372220000,75351731.6495429,82802111.438061,107856671.533941,131637661.595465,283536077.408015,127803424.522852,2064680994.23868,2086006933.33333,2309981241.25,1998675365.66,501870828.620424,232679832.473779,311699760.322875,247842983.01405,..
"Foreign direct investment, net inflows (BoP, current US$)",BX.KLT.DINV.CD.WD,Libya,LBY,-128069471.477123,141000000,-133000000,145000000,143000000,357000000,1038000000,2064000000,4689000000,4111300000,1371000000,1784000000,..,1425000000,702000000,50000000,725667000,492556000,..,..
"Foreign direct investment, net inflows (BoP, current US$)",BX.KLT.DINV.CD.WD,Liechtenstein,LIE,..,..,..,..,..,..,..,..,..,..,..,..,..,..,..,..,..,..,..,..
"Foreign direct investment, net inflows (BoP, current US$)",BX.KLT.DINV.CD.WD,Lithuania,LTU,486457500,380272500,442400000,660790497.921648,217398839.893754,796133753.227725,845877986.178997,2067072857.36,2293469626.76146,1907541462.84271,17980648.7698093,865322434.925065,1537988468.6862,575641203.785696,708289356.991345,504472635.102487,970017858.992647,962297446.878234,1190627310.15049,..
"Foreign direct investment, net inflows (BoP, current US$)",BX.KLT.DINV.CD.WD,Luxembourg,LUX,..,..,..,4243174364.5005,4291105683.30335,5179643438.68927,4644769483.41036,32219534640.6721,-29679425810.0454,7117112828.21255,27255154248.9126,39128528763.1863,8843156716.78101,143003092661.642,19616043889.8028,22746842043.1162,11320244609.3591,45123246584.9933,6622737299.3081,..
"Foreign direct investment, net inflows (BoP, current US$)",BX.KLT.DINV.CD.WD,"Macao SAR, China",MAC,9420000,-790000,160004979.14981,393961071.024012,506111200.953585,771496386.166368,1775023637.88001,2916866632.75466,5357705782.91685,3982611127.76312,-412628142.371367,3629274388.55484,1754336190.32972,3565735906.12656,3736886589.35297,2362348381.00774,367365411.607707,1290498056.03376,-1641647056.30612,..
"Foreign direct investment, net inflows (BoP, current US$)",BX.KLT.DINV.CD.WD,"Macedonia, FYR",MKD,88406156.42024,217507099.15808,469570706.3984,114193471.4194,119041753.232,309137638.54,145329601.532,427444589.2688,733466879,611688378.605769,259530321.486,301441681.708,507920732.789,337911248.192572,402458309.805886,60879915.45137,296604200.381223,549371101.55116,380738977.544777,..
"Foreign direct investment, net inflows (BoP, current US$)",BX.KLT.DINV.CD.WD,Madagascar,MDG,58385285.9149158,82952580.7054988,93059223.9999997,14661798.0720597,12874087,52910748.0000001,50491148.4518063,294681941.542683,789389724.084497,1134497642.42091,1293330142.26094,912287179.835569,815534454.532063,814789934.7302,565848886.014277,555252070.503376,328059305.56932,540842779.829334,464856589.648809,..
"Foreign direct investment, net inflows (BoP, current US$)",BX.KLT.DINV.CD.WD,Malawi,MWI,58528206.2830455,25999996.3612226,19299991.0892369,5899999.35886242,65885630.0222282,107811374.012919,139696707.383179,35561531.6293568,124388838.697469,195424461.064924,49130854.8429207,97010028.4484276,812753754.648122,-8886001.77999776,451360605.697139,598087746.648762,516092796.535975,325632351.032924,277112167.429036,..
"Foreign direct investment, net inflows (BoP, current US$)",BX.KLT.DINV.CD.WD,Malaysia,MYS,3895263157.89474,3787631578.94737,553947368.421053,3192894736.8421,3218947368.42105,4376052631.57894,3924786634.73868,7690731245.66746,9071369834.83859,7572512432.33634,114664434.562276,10885614182.2081,15119371191.19,8895774251.02491,11296278695.655,10619431769.7803,9857162232.86717,13470089671.5394,9511691608.26439,..
"Foreign direct investment, net inflows (BoP, current US$)",BX.KLT.DINV.CD.WD,Maldives,MDV,12322250,22312447.8248753,20541053.2565792,24718599.7690471,31774435.5684086,52933701.7280929,52991121.0580686,63826812.8939882,132432080.785582,181255431.772407,157963586.774204,216468945.675274,423530663.953749,227976866.718899,360816336.210787,333375218.034333,297975993.392527,456639057.30469,517487323.70204,..
"Foreign direct investment, net inflows (BoP, current US$)",BX.KLT.DINV.CD.WD,Mali,MLI,2178011.84110987,60181780.6839891,208815769.599649,-12312977.4012381,72355432.3644571,84840599.6359506,160218206.819051,148195574.128707,206064771.413548,266432781.925687,646609200.601481,371569832.607507,556147161.584486,397865237.155587,307853389.344622,144023010.605531,275317071.694931,356192821.350351,265602316.531747,..
"Foreign direct investment, net inflows (BoP, current US$)",BX.KLT.DINV.CD.WD,Malta,MLT,857406992.742175,743185324.698102,416889166.287732,-497796507.906789,911474591.335865,7463261948.30389,21812521210.4606,25024123091.2521,35597484910.6593,14837415221.143,1444129815.27233,9246747159.72849,7801381378.1012,3324836752.35696,510408456.722476,154057552.236387,2949544243.36216,2479130071.47355,3461761703.38354,..
"Foreign direct investment, net inflows (BoP, current US$)",BX.KLT.DINV.CD.WD,Marshall Islands,MHL,10,125783000,250940000,-70431000,136924000,3450000,3279622.36154915,1876761.72458854,6987311.9877883,5694746.71577748,14649434.9564544,-9356673.13181814,-4380881.13767906,21373811.8080675,32548149.3245913,9047685.07797494,-5393638.49927042,-3055847.4488757,199000,..
"Foreign direct investment, net inflows (BoP, current US$)",BX.KLT.DINV.CD.WD,Mauritania,MRT,15119460,40096000,76700000,67340352.3233691,101957951.56446,404102025.739725,811869181.404598,154601638.123604,139372822.299652,342770661.99838,-3072044.39599643,130528391.338703,588749564.239928,1386098850.60853,1126004759.602,502589833.81816,501726765.733819,271134844.997291,588217194.758539,..
"Foreign direct investment, net inflows (BoP, current US$)",BX.KLT.DINV.CD.WD,Mauritius,MUS,49353190.6361287,265641239.441185,-27675565.7136838,32073116.0847954,62630665.276514,13894736.4049872,41776995.78,106758059.108919,340763853.7,377724738.06254,256680711.8,429958030.690869,433358879.676723,589018302.828619,293341671.715296,418430127.752959,208290139.453356,349418573.5709,292650459.704252,..
"Foreign direct investment, net inflows (BoP, current US$)",BX.KLT.DINV.CD.WD,Mexico,MEX,13880522690,18382284821,30060020323,24055125415,18223514102,24916054094,26018159827,20663712962.883,33071305712.8788,32189963205.2131,19464612869.9295,20995302730.2108,24343541378.2751,17709354452.7388,47579161248.2126,30958726056.6001,36775634407.5071,35418113086.666,32126857705.192,..
"Foreign direct investment, net inflows (BoP, current US$)",BX.KLT.DINV.CD.WD,"Micronesia, Fed. Sts.",FSM,-890000,..,-230000,0,0,0,40000,590000,16690000,-5300000,600000,800000,800000,1000000,800000,20209300,800000,..,..,..
"Foreign direct investment, net inflows (BoP, current US$)",BX.KLT.DINV.CD.WD,Moldova,MDA,37890000,127540000,103440000,84050000,73750000,151010000,190700000,258680000,536020000,726610000,258190000,286120000,347930000,250770000,241880000,341860000,216150000,94830000,160840000,..
"Foreign direct investment, net inflows (BoP, current US$)",BX.KLT.DINV.CD.WD,Monaco,MCO,..,..,..,..,..,..,..,..,..,..,..,..,..,..,..,..,..,..,..,..
"Foreign direct investment, net inflows (BoP, current US$)",BX.KLT.DINV.CD.WD,Mongolia,MNG,30400000,53700000,43000000,77794000,131500000,92900000,187620000,245460000,372759900,844697949.479072,623609218.24768,1691421731.58406,4571161962.80891,4272473222.93625,2059702972.91978,337768268.083171,94319767.4741563,-4156404703.77687,1494350363.46922,..
"Foreign direct investment, net inflows (BoP, current US$)",BX.KLT.DINV.CD.WD,Montenegro,MNE,..,..,..,71890077.351654,49431493.5995684,65376568.3882463,500611848.977765,622001628.319206,937515441.421657,975105642.324132,1549312934.57463,758407499.531761,556257883.119143,618367296.036318,446490330.272441,496835255.407952,699736511.121924,226666592.431145,560290272.000894,..
"Foreign direct investment, net inflows (BoP, current US$)",BX.KLT.DINV.CD.WD,Morocco,MAR,2651865.40457141,220739724.493672,143838237.27823,79160963.953813,2312682906.91975,787053818.994982,1619752454.25656,2366000096.39078,2806642140.67829,2466288357.37234,1970323920.01346,1240625859.11404,2521362080.65559,2841954371.38455,3360909924.36421,3525384612.43801,3252913902.35666,2318278920.12901,2680109856.21237,..
"Foreign direct investment, net inflows (BoP, current US$)",BX.KLT.DINV.CD.WD,Mozambique,MOZ,381700000,139200000,255416251,347584940,336698815,244703873.36,122413755.58,251141650.25,416689348.42081,641399415.784251,930100407.78,1258453096.82496,3663937118.45157,5635092658.61842,6697422432.4601,4998799334.35621,3868353884.95,3128149928.7,2319071971.47682,..
"Foreign direct investment, net inflows (BoP, current US$)",BX.KLT.DINV.CD.WD,Myanmar,MMR,255617520.187609,254789765.469467,208303564.372066,150511225.813866,248882510.026366,211364294.975748,234904379.027598,275812653.011391,709922015.309805,863880447.312828,1078972200.98264,901133534.876797,2519813313.27459,1333856137.27031,2254603965.49345,2175015283.77713,4083839111.71186,3278096409.87385,4684890471.19617,..
"Foreign direct investment, net inflows (BoP, current US$)",BX.KLT.DINV.CD.WD,Namibia,NAM,1592530.09997038,196350763.262587,379336366.387133,147535758.471972,65110887.1077804,223561311.215728,392757950.095606,609772318.540092,669789340.799414,749771454.743487,835814906.94021,287188694.392946,811495035.353755,1094347849.53878,787993184.247365,445987359.98407,1169185078.59637,359511219.731199,590755480.612958,..
"Foreign direct investment, net inflows (BoP, current US$)",BX.KLT.DINV.CD.WD,Nauru,NRU,..,1000000,1000000,2882000,2129000,1000000,1000000,1000000,2737000,1465000,1389000,0,0,0,0,0,0,0,..,..
"Foreign direct investment, net inflows (BoP, current US$)",BX.KLT.DINV.CD.WD,Nepal,NPL,4350000,-484827,20850000,-5952541.12704633,14778085.6065136,-417346.383904296,2451784.70709983,-6647983.90370767,5741706.05320872,995123.930669506,38271269.9748302,87741711.6305985,94022157.1167852,91996607.2504472,74244986.7706964,30403267.3342737,51895699.9282915,105996375.590659,196265098.563575,..
"Foreign direct investment, net inflows (BoP, current US$)",BX.KLT.DINV.CD.WD,Netherlands,NLD,41167755932.2744,63118802015.6061,51979626671.636,25457149404.5176,20440751399.0477,139818464863.608,209981017489.959,375135934195.318,734010312477.362,195192183842.959,95931335754.4848,115729820336.761,331838461860.777,239754925928.956,328683686654.696,117584897918.383,180803671741.028,161667054824.793,316541431115.985,..
"Foreign direct investment, net inflows (BoP, current US$)",BX.KLT.DINV.CD.WD,New Caledonia,NCL,4460000,-40626091.7634052,103041207.684942,59055445.6614434,116048161.873983,27480195.7306092,-6738759.00139891,749088411.734889,417453934.436208,1746369905.06476,1182295527.61516,1439085573.36548,1758141868.63992,2682824680.90753,2166812151.02825,1757035866.71921,1203895440.08717,809821138.3806,1422415884.00988,..
"Foreign direct investment, net inflows (BoP, current US$)",BX.KLT.DINV.CD.WD,New Zealand,NZL,1145708993.25987,-1507812033.25805,259321576.79631,2848556986.63851,-3363941288.043,2319819298.42871,1906665963.75812,2912645686.56863,4335506075.9374,2591966537.02927,-52385533.2387357,286306902.9756,1378410924.39879,3846884018.51781,-69519935.4200308,3249055311.01317,-74038516.2862588,2095503758.43005,2144466964.41182,..
"Foreign direct investment, net inflows (BoP, current US$)",BX.KLT.DINV.CD.WD,Nicaragua,NIC,337300000,266500000,150200000,203900000,201300000,250000000,241100000,286800000,381700000,627300000,433900000,489900000,936300000,767700000,815500000,884100000,949900000,898900000,896600000,..
"Foreign direct investment, net inflows (BoP, current US$)",BX.KLT.DINV.CD.WD,Niger,NER,276108.883660457,15728052.1867837,22567709.3910433,7790662.69968806,18487601.8537582,24367537.686604,49733809.247239,40274236.6186146,98942805.391155,281935056.438537,631278387.018506,795859655.973123,1065789606.37607,841275555.786461,719134023.703739,821872392.097746,529263979.477229,301127925.222414,334328639.334835,..
"Foreign direct investment, net inflows (BoP, current US$)",BX.KLT.DINV.CD.WD,Nigeria,NGA,1004916719.01059,1140167556.01589,1190618643.59162,1874070753.14014,2005353563.06398,1874060886.97608,4982533930.21739,4854353979.09081,6036021404.82071,8195499253.28854,8554740716.54298,6026232041.2843,8841113286.94787,7069934204.80099,5562873605.73813,4651465947.82307,3137318699.77873,4445102771.13319,3497233434.77893,..
"Foreign direct investment, net inflows (BoP, current US$)",BX.KLT.DINV.CD.WD,Northern Mariana Islands,MNP,-465000,1504000,430000,-1206000,4272000,-3771000,-7939000,33864000,7714000,10038000,64000,14764000,-1143000,4561666.66666667,6060888.88888889,3200000,..,..,..,..
"Foreign direct investment, net inflows (BoP, current US$)",BX.KLT.DINV.CD.WD,Norway,NOR,6775943655.47974,8332062185.99552,3190216069.0008,3011752930.34115,4179380423.17369,4918494986.32396,10058759829.6279,11877923790.1756,24806091102.6883,20578219685.1148,8635762892.0964,21634265662.593,10296323075.6966,27625551262.397,-1386004891.38104,3279584808.93335,6599421357.54454,-18383738657.6166,1642539388.20276,..
"Foreign direct investment, net inflows (BoP, current US$)",BX.KLT.DINV.CD.WD,Oman,OMN,40100000,82000000,5201560.46814044,109232769.830949,24967490.2470741,111053315.994798,1538361508.45254,1596098829.6489,3332119635.89077,2951885565.6697,1485825747.72432,1242652795.83875,1629144343.30299,1364629388.81664,1612430962.28869,1286345903.77113,-2172431729.51886,2265279583.87516,2918075422.62679,..
"Foreign direct investment, net inflows (BoP, current US$)",BX.KLT.DINV.CD.WD,Pakistan,PAK,532000000,308000000,378000000,826000000,534000000,1118000000,2201000000,4273000000,5590000000,5438000000,2338000000,2022000000,1326000000,859000000,1333000000,1868000000,1621000000,2488000000,2815000000,..
"Foreign direct investment, net inflows (BoP, current US$)",BX.KLT.DINV.CD.WD,Palau,PLW,6150000,3177647.23342001,-1431856.7359,2022515.9044,6805246.43805,7338283.96950001,3971994.26960001,33283255.639,4383239.14069999,4741656.7068,2790871.0058,2685244.1157,8326127.02949998,21639126.3213,18041109.837,39860115.385,34583158.147185,35244866.819783,35477271.89,..
"Foreign direct investment, net inflows (BoP, current US$)",BX.KLT.DINV.CD.WD,Panama,PAN,755600000,827800000,606800000,247100000,1050600000,1277900000,1104400000,2944300000,2224000000,2390000000,1085500000,2549100000,4395600000,3381900000,3799000000,4984400000,5119300000,5584900000,4826400000,..
"Foreign direct investment, net inflows (BoP, current US$)",BX.KLT.DINV.CD.WD,Papua New Guinea,PNG,296492684.425976,96495382.3146879,63183318.6554422,18278809.7582389,109472473.38019,29883258.8275169,31818696.740158,11777272.9741484,94558953.9162801,-30591591.756566,418816685.883252,28720688.2423227,-309831004.051565,-63782355.9335148,18222240.0434839,-30389394.5888189,203474073.882316,-39769816.3646876,-180176801.032553,..
"Foreign direct investment, net inflows (BoP, current US$)",BX.KLT.DINV.CD.WD,Paraguay,PRY,94500000,107800000,99200000,90400000,-57700000,93979000,7300000,187800000,105000000,337856000,26913000,555544000,463994000,727144000,312567000,549690000,480469114.4,451748026.3,507019886.6,..
"Foreign direct investment, net inflows (BoP, current US$)",BX.KLT.DINV.CD.WD,Peru,PER,1940008800,809696760.032968,1144260000,2155836814.73346,1335007073.0402,1599038388.965,2578719365.11,3466531061.27322,5490961307.08952,6923651284.62579,6430652960.91184,8454627587.91059,7341119933.02161,11788195369.5768,9799702105.15513,4441011421.05762,8271633513.74415,6862893056.38834,6769497317.20168,..
"Foreign direct investment, net inflows (BoP, current US$)",BX.KLT.DINV.CD.WD,Philippines,PHL,1247000000,1487000000,760000000,1769000000,492000000,592000000,1664000000,2707414996.79964,2918724840.50407,1340027563.20326,2064620677.76657,1070386939.91897,2007150725.40003,3215415155.43567,3737371739.84519,5739574024.13183,5639155961.87389,8279548274.88501,10057387728.3059,..
"Foreign direct investment, net inflows (BoP, current US$)",BX.KLT.DINV.CD.WD,Poland,POL,7270000000,9335000000,5677000000,4091000000,5371000000,13868000000,11041000000,21473000000,25031000000,14574000000,14025000000,18395000000,18485000000,7358000000,795000000,19776000000,15065000000,18321000000,10673000000,..
"Foreign direct investment, net inflows (BoP, current US$)",BX.KLT.DINV.CD.WD,Portugal,PRT,1167568546.63492,7293267563.81921,6117424174.79127,595755776.395402,10335839852.8697,2496972202.86753,4428914067.58318,13198582129.6572,6026180108.3206,7821376697.00669,5578899469.17434,8455785210.63603,9817680645.3786,21976623037.8039,10804886160.8827,13188653904.5709,2506507991.67442,9422380925.53659,10022959166.0008,..
"Foreign direct investment, net inflows (BoP, current US$)",BX.KLT.DINV.CD.WD,Puerto Rico,PRI,..,..,..,..,..,..,..,..,..,..,..,..,..,..,..,..,..,..,..,..
"Foreign direct investment, net inflows (BoP, current US$)",BX.KLT.DINV.CD.WD,Qatar,QAT,113250000,251600000,295520000,623920000,624920000,1198970000,2500000000,3500000000,4700000000,3778626373.62637,8124736263.73626,4670329670.32967,938516483.516481,395879120.879119,-840384615.384617,1040384615.38462,1070879120.87912,773901098.901099,985989010.989011,..
"Foreign direct investment, net inflows (BoP, current US$)",BX.KLT.DINV.CD.WD,Romania,ROU,1041000000,1037000000,1157000000,1144000000,1844000000,6443000000,6498650462.86646,11006614841.8417,10103086514.314,13667824244.7472,4637684879.5434,3213737651.98388,2370097222.61814,3047569714.39734,3854819397.63757,3869197075.10542,4317731472.30633,6252035766.42823,5952909608.10492,..
"Foreign direct investment, net inflows (BoP, current US$)",BX.KLT.DINV.CD.WD,Russian Federation,RUS,3309430000,2678030000,2847300000,3473830000,7928630000,15402990000,15508050000,37594770000,55873680000,74782910000,36583100000,43167780000,55083630000,50587560000,69218890000,22031320000,6852970000,32538900000,28557440000,..
"Foreign direct investment, net inflows (BoP, current US$)",BX.KLT.DINV.CD.WD,Rwanda,RWA,1725716.61029343,8319040.46630267,4634137.68483474,2610000,4700000,7700000,10500000,30643966.4749592,82283165.8616706,103346051.879478,118670000,250504802.92071,119105385.81,254963244.35,257642420.17,314742419.031826,223334652.84,266300000,293413074,..
"Foreign direct investment, net inflows (BoP, current US$)",BX.KLT.DINV.CD.WD,Samoa,WSM,2000000,-1206806.31458513,1414589.82645398,1599402.88958789,2724300.76280421,2480936.28437362,3763664.37138603,21927671.8857047,6821727.4387444,45899093.7937884,9868116.50800966,-1324579.31706406,8984743.31145687,13887918.6546546,13791695.1653077,22849692.3024683,26867532.3239141,2520673.51135781,9062247.69605818,..
"Foreign direct investment, net inflows (BoP, current US$)",BX.KLT.DINV.CD.WD,San Marino,SMR,..,..,..,..,..,..,..,..,..,..,..,..,..,..,..,..,..,..,..,..
"Foreign direct investment, net inflows (BoP, current US$)",BX.KLT.DINV.CD.WD,Sao Tome and Principe,STP,3000000,3800000,3000000,3600000,3400000,3501000,15664000,38015839.45735,36028527.82392,79143388.7554088,15500000,50600000,32152348.5469533,22471527.027027,12162344.8222509,26489982.1283667,27924059.1401315,23331087.1205748,34208489.0333144,..
"Foreign direct investment, net inflows (BoP, current US$)",BX.KLT.DINV.CD.WD,Saudi Arabia,SAU,-778933333.333333,-1881066666.66667,19640000,-614133333.333333,-586506666.666667,-334320000,12106749694.2066,18317596795.7276,24333811514.1328,39455863929.3334,36457666666.6667,29232706666.6667,16308280000,12182373333.3333,8864693333.33334,8011786666.66667,8141026666.66667,7452533333.33333,1421300326.1162,..
"Foreign direct investment, net inflows (BoP, current US$)",BX.KLT.DINV.CD.WD,Senegal,SEN,153246927.111169,81440916.0563018,45044018.3994958,82304118.9258942,86305872.1811413,137336903.734652,167877437.153319,289582834.36016,350994490.149728,453902667.456333,330145120.797082,271827672.466167,338218819.351341,276175329.546192,311278273.709751,402561894.30899,408856548.16261,472033741.522537,532281342.41007,..
"Foreign direct investment, net inflows (BoP, current US$)",BX.KLT.DINV.CD.WD,Serbia,SRB,112000000,51780910.2634973,177440917.754651,490635734.788951,1466986594.1939,958469762.157531,1577035765.8061,4255703637.69136,4423927588.22792,4055646330.6429,2928877109.57179,1693330940.54225,4929898533.12575,1276100598.7023,2059702250.50905,1999520402.41831,2345152814.60351,2354734450.93215,2878817771.89091,..
"Foreign direct investment, net inflows (BoP, current US$)",BX.KLT.DINV.CD.WD,Seychelles,SYC,55216733.4778743,24326996.8409907,64740256.5069248,47717748.0672259,58425540.7263851,38014852.1,80729739.0909091,140555693.466973,175923646.509835,179825444.152505,168251661.935522,159795375,143240665.103455,613208776.273067,57289065.6229991,108355443.10197,105893597.203315,40854189.696835,124465535.704601,..
"Foreign direct investment, net inflows (BoP, current US$)",BX.KLT.DINV.CD.WD,Sierra Leone,SLE,533201.78805506,39000824.5205234,9835742.02237572,10413409.4634409,8615049.66773898,61153314.1933298,90731669.7377149,58869143.9072179,95470171.3159828,53095074.1518604,110430202.517696,238404157.81146,950477688.972105,722447242.911546,429664519.922491,375089670.534774,252435829.4339,137965732.548646,560000000,..
"Foreign direct investment, net inflows (BoP, current US$)",BX.KLT.DINV.CD.WD,Singapore,SGP,16577945945.5207,15515295182.2255,17006874669.487,6157249991.39018,17051420152.8733,24390314129.1562,18090329984.2736,36923890240.8325,47733209770.1879,12200705251.93,23821209699.6153,55075864345.0414,49155657316.2946,56189355124.0645,64481738991.4489,69542638412.0595,70595384867.1649,74253027404.7331,63633434111.1936,..
"Foreign direct investment, net inflows (BoP, current US$)",BX.KLT.DINV.CD.WD,Sint Maarten (Dutch part),SXM,..,..,..,..,..,..,..,..,71631284.9162011,85877094.972067,39659217.877095,32595530.726257,-48480446.9273743,13508379.8882682,47357541.8994413,47709497.2067039,27770949.7206704,41553072.6256983,32759776.5363128,..
"Foreign direct investment, net inflows (BoP, current US$)",BX.KLT.DINV.CD.WD,Slovak Republic,SVK,354306697.53396,2183119136.13344,1532584052.08438,4212437461.03101,969200518.933972,4060863687.22483,3924682009.20203,5696440445.51643,5059527853.23093,4641898697.34796,1519061242.38214,2117457352.34649,5426624042.50629,1776753940.66048,1003810308.8793,-362446778.78493,1519809127.16371,4741433269.24013,5921628927.20126,..
"Foreign direct investment, net inflows (BoP, current US$)",BX.KLT.DINV.CD.WD,Slovenia,SVN,106600000,135800000,501200000,1849800000,535600000,763100000,970800000,691588429.380085,1884932873.06309,1081080207.08929,-346269217.098625,319054952.651287,875544802.262048,33548087.6235344,103977238.573469,1019291464.99628,1729437645.21085,1446038182.98249,1081878507.50789,..
"Foreign direct investment, net inflows (BoP, current US$)",BX.KLT.DINV.CD.WD,Solomon Islands,SLB,9900495.5415044,2004350.29165426,-8617173.10745275,145800.744935118,-1009361.68105639,-2670173.38900422,548149.349449344,44307544.5596454,85983505.9852651,75177085.3799649,48583116.3415326,165920898.269923,120052792.508287,23881499.2959446,53434351.3773387,21022029.9741671,32222728.5635439,37343622.7695983,36565531.5264411,..
"Foreign direct investment, net inflows (BoP, current US$)",BX.KLT.DINV.CD.WD,Somalia,SOM,-810000,270000,40000,140000,-850000,-4790000,24000000,96000000,141000000,87000000,108000000,112000000,102000000,107330000,258000000,261000000,303000000,334000000,384000000,..
"Foreign direct investment, net inflows (BoP, current US$)",BX.KLT.DINV.CD.WD,South Africa,ZAF,1503332454.41012,968831355.959091,7270344986.47681,1479804588.75226,783136092.25814,701422007.629778,6522098178.18051,623291744.343523,6586792253.1097,9885001293.44359,7624489973.8819,3693271715.48139,4139289122.68737,4626029122.40007,8232518815.62083,5791659020.09998,1521139945.30532,2215307020.39541,1371931599.82439,..
"Foreign direct investment, net inflows (BoP, current US$)",BX.KLT.DINV.CD.WD,South Sudan,SSD,..,..,..,..,..,..,..,..,..,..,..,..,..,161000000,-793000000,1035825.73,150000,-7850000,1420000,..
"Foreign direct investment, net inflows (BoP, current US$)",BX.KLT.DINV.CD.WD,Spain,ESP,18523395457.6575,40489477034.5051,28892264555.158,39409654769.4887,30740341152.6223,25176365229.154,26720350856.7511,32989821046.7456,73772822153.9755,79557788103.2098,13478740375.4966,41020054117.2815,31782139561.0739,24915158981.0555,52287690610.5803,34889756900.7872,25350485004.861,39776176760.1262,6203743186.31794,..
"Foreign direct investment, net inflows (BoP, current US$)",BX.KLT.DINV.CD.WD,Sri Lanka,LKA,176410171.3141,172941409.8305,171790000,196500000,228720000,232800000,272400000,479700000,603000000,752200000,404000000,477559000,955920000,941116591.230408,932551317.582881,893628980.287065,679655644.244789,897049375.883533,1374894656.60811,..
"Foreign direct investment, net inflows (BoP, current US$)",BX.KLT.DINV.CD.WD,St. Kitts and Nevis,KNA,57737037.0370369,96214814.8148148,88230740.7407407,79771688.8888889,75612162.9629629,55771474.0740741,92994488.8888889,110415630.37037,134484438.148148,177906026.666667,130750839.259259,116268480,109632707.037037,92419222.2222222,110789970.37037,162888536.471331,120490678.318178,93770149.551983,50927262.20607,..
"Foreign direct investment, net inflows (BoP, current US$)",BX.KLT.DINV.CD.WD,St. Lucia,LCA,83151851.8518519,53748148.1481481,58807407.4074074,51935414.8148148,106425925.925926,76520285.1851852,78233429.6296296,233934733.333333,271891074.074074,161210706.296296,146397591.111111,121296972.592593,96416427.7777778,75759324.8148148,83515042.2222222,60105337.9861896,114384196.477899,129320457.24079,131028839.794488,..
"Foreign direct investment, net inflows (BoP, current US$)",BX.KLT.DINV.CD.WD,St. Martin (French part),MAF,..,..,..,..,..,..,..,..,..,..,..,..,..,..,..,..,..,..,..,..
"Foreign direct investment, net inflows (BoP, current US$)",BX.KLT.DINV.CD.WD,St. Vincent and the Grenadines,VCT,56796296.2962963,37744444.4444444,21040370.3703704,34048225.9259259,55164448.1481481,65686166.6666666,40087314.8148148,109112344.444444,119406900,159243360,110221666.296296,97218108.8888889,85623860.3703704,115402246.296296,126735012.962963,120455129.402585,57643014.0685185,153076963.660275,98139608.3060755,..
"Foreign direct investment, net inflows (BoP, current US$)",BX.KLT.DINV.CD.WD,Sudan,SDN,370800000,392200000,574000000,713180000,1349190000,1511070000,1561689996.89435,1841833814.08367,1504379838.38584,1653120315.475,1726298402.95145,2063730997.66213,1734376994.48388,2311460739.75953,1687884178.79722,1251280889.37784,1728373403.43067,1063767535.33587,1065298481.41867,..
"Foreign direct investment, net inflows (BoP, current US$)",BX.KLT.DINV.CD.WD,Suriname,SUR,-61500000,-148000000,-26800000,-73600000,-76100000,-37300000,27900000,-163400000,-246700000,-231400000,-93400000,-247700000,145288761.2,169442185.072793,186765030.570088,-59673138.0841934,183665852.69756,240882318.651266,158746081.491454,..
"Foreign direct investment, net inflows (BoP, current US$)",BX.KLT.DINV.CD.WD,Sweden,SWE,60626719353.7688,22817836820.944,18217810086.4861,18381645407.9827,6007683415.88431,16854649893.5474,20782686615.8207,22052656378.5991,46143507532.9675,41436553995.9454,8960871620.904,625102142.469445,6979353755.44351,4273531542.41649,1317032473.30956,-8624265062.02434,8706026818.98218,7910508206.46025,31530837271.9774,..
"Foreign direct investment, net inflows (BoP, current US$)",BX.KLT.DINV.CD.WD,Switzerland,CHE,12426006171.6209,23080879762.6769,9765012889.099,8258050580.17819,19721053893.3922,7102294152.72322,2664910821.00243,53760772986.3035,48688296542.6701,2990936685.10851,47658570354.7326,17670735602.9225,20764483834.5029,39943494321.6384,-24926465856.5786,21003091521.7734,115891596415.604,60477422917.2973,37863913626.3472,..
"Foreign direct investment, net inflows (BoP, current US$)",BX.KLT.DINV.CD.WD,Syrian Arab Republic,SYR,263000000,270000000,110000000,115000000,160000000,275000000,500000000,659000000,1241959115.11048,1465623386.27635,2569548271.53071,1469196863.48146,..,..,..,..,..,..,..,..
"Foreign direct investment, net inflows (BoP, current US$)",BX.KLT.DINV.CD.WD,Tajikistan,TJK,6702900,23543300,9495400,36066400,31649700,272025100,54479300,338627400,359967400,375787400,15819400,79411810,161120270,239347550,125482830,309306960,426147890,240532377.20903,107268531.864191,..
"Foreign direct investment, net inflows (BoP, current US$)",BX.KLT.DINV.CD.WD,Tanzania,TZA,516700641.7478,463400858.7823,549270351.46,395567134,318401298.68,442539548.35,935520591.71,403038991.36,581511806.98,1383260000,952630000,1813200000,1229361018.44368,1799646137.43448,2087261309.71598,1672550442.81909,1604581620.32199,1365387800.49588,1180210224.81628,..
"Foreign direct investment, net inflows (BoP, current US$)",BX.KLT.DINV.CD.WD,Thailand,THA,6102677671.18095,3365987582.5831,5067170388.09022,3341612007.23692,5232270340.19411,5860255942.60103,8215637195.30001,8917470351.2,8633903440.6,8561557724.60001,6411458544.60001,14746672919.6,2473685995.7,12899036061.2,15935960663.1,4975455660.2,8927579180.9,2810184390.1,8045508381.6,..
"Foreign direct investment, net inflows (BoP, current US$)",BX.KLT.DINV.CD.WD,Timor-Leste,TLS,..,..,..,942000,4519000,0,908000,8478084.46190102,8695061.68836722,39697970.7526887,47954750.66,30332806.77,49058168.54,40382443.85,55857105.62,33905491.522696,42995500,5478700,6715937.467148,..
"Foreign direct investment, net inflows (BoP, current US$)",BX.KLT.DINV.CD.WD,Togo,TGO,42554875.651692,52687148.9221853,72554169.3745172,57534689.6722267,45671000.8009452,79824366.0564042,95965416.4656432,91315553.9230547,62324369.4018094,50687212.1712282,46118873.8986581,124942198.617536,727757280.602829,121518516.132142,183547067.295593,53948489.715857,257756356.318646,-46276895.8499758,145590758.618594,..
"Foreign direct investment, net inflows (BoP, current US$)",BX.KLT.DINV.CD.WD,Tonga,TON,958145.9919,9212396.92920102,7628663.05325466,4692076.76784242,182273.330595786,5533664.04017914,6005489.53244257,10987468.9682818,17583867.2029788,21517757.3452398,247006.485014144,4661006.00282213,7641551.95808181,-841513.978316334,6269513.29007397,13241447.4869655,12546868.5796588,5724624.57680544,-5613753.35828908,..
"Foreign direct investment, net inflows (BoP, current US$)",BX.KLT.DINV.CD.WD,Trinidad and Tobago,TTO,643300000,679500035.953542,834900044.583722,1007800000,808300000,998100000,939700000,882700000,830000000,2800800000,709100000,549400000,41047454.4570203,-1904347709.87907,-1129966025.63165,661450871.055283,176829710.368342,-23598182.3806771,-422390129.007641,..
"Foreign direct investment, net inflows (BoP, current US$)",BX.KLT.DINV.CD.WD,Tunisia,TUN,349849311.892769,750720443.574373,451514809.247852,790302916.627591,539481939.009799,592147521.678621,712714847.262544,3239909092.61659,1515345043.99628,2600674976.49756,1525244857.52902,1334497694.56476,432666011.578487,1554269128.7808,1058622582.18395,1024754443.57725,970521888.740203,622569482.161979,809696518.800955,..
"Foreign direct investment, net inflows (BoP, current US$)",BX.KLT.DINV.CD.WD,Turkey,TUR,783000000,982000000,3352000000,1082000000,1702000000,2785000000,10031000000,20185000000,22047000000,19851000000,8585000000,9099000000,16182000000,13744000000,13563000000,13119000000,18002000000,13343000000,10886000000,..
"Foreign direct investment, net inflows (BoP, current US$)",BX.KLT.DINV.CD.WD,Turkmenistan,TKM,125000000,131000000,170000000,276000000,226000000,353700000,418200000,730900000,856000000,1277000000,4553000000,3632300000,3391067000,3129614736.84211,2861420712,3830130568,3042968465,2243160000,2313501677,..
"Foreign direct investment, net inflows (BoP, current US$)",BX.KLT.DINV.CD.WD,Turks and Caicos Islands,TCA,..,..,..,..,..,..,..,..,..,..,..,..,..,..,..,-69294000,-83617000,14644000,..,..
"Foreign direct investment, net inflows (BoP, current US$)",BX.KLT.DINV.CD.WD,Tuvalu,TUV,..,..,-9309.81914383283,-9779.61900234303,-10973.3734638277,-11696.8345342259,-11417.1946991412,-10582.6523719546,-11053.9506207364,1687799.95633287,1751074.67213385,455233.534004271,-119087.670246489,1325042.53066614,336811.546479117,300000,300000,300000,300000,..
"Foreign direct investment, net inflows (BoP, current US$)",BX.KLT.DINV.CD.WD,Uganda,UGA,140200000,160700000,151496150.651927,184648059.1975,202192593.6185,295416479.800692,379808340.667061,644262499.9,792305780.891244,728860900.652408,841570802.7,543872727.272728,894293858,1205388487.79374,1096000000,1058564540.34685,737652140.151428,625704361.867068,699499135.724381,..
"Foreign direct investment, net inflows (BoP, current US$)",BX.KLT.DINV.CD.WD,Ukraine,UKR,496000000,595000000,792000000,693000000,1424000000,1715000000,7808000000,5604000000,10193000000,10700000000,4769000000,6451000000,7207000000,8175000000,4509000000,847000000,3050000000,3441000000,2827000000,..
"Foreign direct investment, net inflows (BoP, current US$)",BX.KLT.DINV.CD.WD,United Arab Emirates,ARE,-985340000,-506330000,1183840000,95300000,4255956432.94758,10003500000,10899931926.4806,12805990469.7073,14186521443.1586,5062972004.83618,1134288135.283,8796769640.51645,7152095825.66185,9566651351.08717,9764914527.33206,11071537020.0801,8550901846.58539,9604773257.42337,10354223433.2425,..
"Foreign direct investment, net inflows (BoP, current US$)",BX.KLT.DINV.CD.WD,United Kingdom,GBR,89337010344.9947,164130335444.123,56090924808.7938,89760582753.2235,36011240472.8341,87059621382.2839,252653397148.111,203636431868.244,209514959646.908,253454117907.322,14547108445.0914,66734551294.0913,27012050072.3452,46750789727.7264,54473175400.2415,58890445252.714,45333483122.0899,265810566654.786,64685400972.5964,..
"Foreign direct investment, net inflows (BoP, current US$)",BX.KLT.DINV.CD.WD,United States,USA,289443000000,350066000000,171471000000,109466000000,117106000000,213641000000,142344000000,298463000000,346613000000,341092000000,161083000000,264039000000,263497000000,250345000000,288131000000,251856000000,509087000000,494457000000,354828000000,..
"Foreign direct investment, net inflows (BoP, current US$)",BX.KLT.DINV.CD.WD,Uruguay,URY,235300000,262825000,310402928.186631,179852187.798716,402717369.251734,352712784.345572,826626704.297553,1508350268.54176,1358736505.93224,2141969341.14865,1602591812.77207,2191067966.51532,2690094196.66277,6043903328.81385,755137044.464692,3830457447.6631,2432624407.13237,-384054159.234304,-878316311.193739,..
"Foreign direct investment, net inflows (BoP, current US$)",BX.KLT.DINV.CD.WD,Uzbekistan,UZB,121200000,74700000,82800000,65300000,82600000,176600000,191600000,173800000,705200000,711300000,842000000,1636448861,1635145000,563040469.713092,634701276,757358400,66489280,133386312,95766288,..
"Foreign direct investment, net inflows (BoP, current US$)",BX.KLT.DINV.CD.WD,Vanuatu,VUT,13403366.6167586,20256089.6407317,18004322.0771219,14162544.8083713,18010732.3935714,19840843.5043493,13251642.41,43447011.63,34155234.68,37694497.4912751,32140846.43,63109398.8219535,61117730.8986635,60388540.2101008,59379212.8028741,13266163.5152466,31021245.7737035,21627103.0191288,24704497.2922063,..
"Foreign direct investment, net inflows (BoP, current US$)",BX.KLT.DINV.CD.WD,"Venezuela, RB",VEN,2890000000,4703000000,3704000000,761000000,1573000000,1489000000,2450000000,198000000,4358000000,2083000000,-1137000000,1583000000,5855000000,4986000000,2145000000,1135000000,2956000000,1587000000,-68000000,..
"Foreign direct investment, net inflows (BoP, current US$)",BX.KLT.DINV.CD.WD,Vietnam,VNM,1412000000,1298000000,1300000000,1400000000,1450000000,1610000000,1954000000,2400000000,6700000000,9579000000,7600000000,8000000000,7430000000,8368000000,8900000000,9200000000,11800000000,12600000000,14100000000,..
"Foreign direct investment, net inflows (BoP, current US$)",BX.KLT.DINV.CD.WD,Virgin Islands (U.S.),VIR,..,..,..,..,..,..,..,..,..,..,..,..,..,..,..,..,..,..,..,..
"Foreign direct investment, net inflows (BoP, current US$)",BX.KLT.DINV.CD.WD,West Bank and Gaza,PSE,188631781.969895,62005481.8276937,19176400.668,9440000,12872000,20520000,36242000,18587960,19596000,51508000,300468000,179941047.792492,238840690.55525,62985366.1058956,189560177.039613,159711665.338643,104937726.65803,296473530.843925,203376299.06288,..
"Foreign direct investment, net inflows (BoP, current US$)",BX.KLT.DINV.CD.WD,"Yemen, Rep.",YEM,-307600000,6399511.23,155140748.129441,114301962.19,-89106971.95,143578198.542096,-302056736.757507,1120970000,917300000,1554630000,129200000,188641795.777669,-517842928.476895,-14239188.3601923,-133570895.625639,-233104668.580815,-15444808.3545508,-561000000,-269850000,..
"Foreign direct investment, net inflows (BoP, current US$)",BX.KLT.DINV.CD.WD,Zambia,ZMB,162000000,121700000,145000000,298390000,347000000,364040000,356940000,615790000,1323900000,938620000,694800000,1729300000,1108500000,1731500000,2099800000,1507800000,1582666666.66667,662813935.420472,865903085.18835,..
"Foreign direct investment, net inflows (BoP, current US$)",BX.KLT.DINV.CD.WD,Zimbabwe,ZWE,59000000,23200000,3800000,25900000,3800000,8700000,102800000,40000000,68900000,51600000,105000000,122586666.666667,344300000,349850000,373050000,472800000,399200000,343013813.38,247187738.788,..
"Foreign direct investment, net inflows (BoP, current US$)",BX.KLT.DINV.CD.WD,Arab World,ARB,1180110166.38425,3634677446.34353,6218877915.50486,5758421599.58327,14595438979.3745,21263905250.5436,46007410075.1831,69410959612.5606,81832690758.3696,88751293579.6057,76654441611.7901,70001307552.7893,44063839738.842,50079904473.6826,48725814092.9364,46050937675.1072,37104037008.9551,39650566431.6253,30094653584.0783,..
"Foreign direct investment, net inflows (BoP, current US$)",BX.KLT.DINV.CD.WD,Caribbean small states,CSS,1680714125.92593,1603241724.90725,1965089748.26541,1923471097.24861,2203487732.3948,2292694846.97475,3132557853.95562,3749473256.04743,3914059457.58788,6464389874.06011,3108814128.45883,2838948468.52325,2169172893.90132,581473803.699081,816454253.54811,2866185993.00724,2189776814.58921,2106220675.91503,2243618284.06718,..
"Foreign direct investment, net inflows (BoP, current US$)",BX.KLT.DINV.CD.WD,Central Europe and the Baltics,CEB,21802591795.0186,23604710222.9746,21573196197.0886,26454689842.5335,20393078947.1403,42935817866.0435,55346683359.979,81836113308.7186,153404400916.012,138491242396.178,31086568826.1025,20440202550.1166,49530628452.0528,38963514772.5556,15065850617.2448,53555799044.0139,22677378175.1534,116279836256.957,27462019693.3874,..
"Foreign direct investment, net inflows (BoP, current US$)",BX.KLT.DINV.CD.WD,Early-demographic dividend,EAR,59198870261.391,51385453423.7503,59921009807.7291,51164472788.0127,42973580827.5353,63504590884.0068,111550002651.378,152967571848.669,196451773305.506,237911197962.502,170373566727.908,176900318780.43,193600185179.406,181184807629.399,215409027738.77,188898057578.024,218529833381.504,193312112571.912,211924167063.183,..
"Foreign direct investment, net inflows (BoP, current US$)",BX.KLT.DINV.CD.WD,East Asia & Pacific,EAS,120588296452.391,174697200321.913,127669016973.71,112876647110.263,126788122897.325,198735938281.737,187817001061.774,285602978864.732,396409561782.742,385572351641.912,287730296176.442,496969394335.84,560586343975.262,517730313145.995,590850500571.806,632002236218.703,616477347729.831,530862305881.579,512461809596.853,..
"Foreign direct investment, net inflows (BoP, current US$)",BX.KLT.DINV.CD.WD,East Asia & Pacific (excluding high income),EAP,50388416421.6774,48210165805.8382,52533065339.1794,63294753312.8157,68498234566.5391,83281375497.7505,129274995608.495,152272967069.179,193449497953.47,211360293331.282,155829174407.587,298626131579.866,337052349877.192,304719782110.174,361767837410.261,329521491474.798,306306693297.118,219323655150.064,242226384162.684,..
"Foreign direct investment, net inflows (BoP, current US$)",BX.KLT.DINV.CD.WD,East Asia & Pacific (IDA & IBRD countries),TEA,50409446421.6774,48202287453.0716,52551326482.4435,63291132828.7201,68499409812.9772,83223678781.72,129284910602.764,152542323324.818,193432981192.611,211192668987.989,155819175278.593,298609352823.981,336941625004.222,304513663236.495,361667217520.098,329478815590.183,306259213455.265,219333336016.884,242198473434.574,..
"Foreign direct investment, net inflows (BoP, current US$)",BX.KLT.DINV.CD.WD,Euro area,EMU,199513278823.198,466002140023.937,232227303365.51,253456166489.901,269354188279.323,270006235401.62,633807317833.125,817611927830.64,1287373944236.25,652473884498.783,389858595296.815,508407362170.163,764489335582.839,645738153447.451,548350143740.053,318795203296.919,566829420552.483,500022476050.187,489771570091.587,..
"Foreign direct investment, net inflows (BoP, current US$)",BX.KLT.DINV.CD.WD,Europe & Central Asia,ECS,413155605895.437,748984292512.905,359089380854.751,409040103237.313,374057805570.715,441171507999.562,1005626214322.14,1246199548378.04,1860887242814.26,1233998060939.94,586087958684.039,692369170901.472,999840901375.33,882974842623.16,701162440072.133,508820894428.37,811340900223.559,1007484203131.02,692754686234.564,..
"Foreign direct investment, net inflows (BoP, current US$)",BX.KLT.DINV.CD.WD,Europe & Central Asia (excluding high income),ECA,9947467606.04402,9061234014.82335,14216733364.3061,13974349053.2235,24770371171.2628,44402534382.1832,56158702754.8249,104887111819.747,144871593176.538,166737330437.128,91423747583.2981,88290971467.6079,121283396664.725,107466323200.638,118708926198.657,66732088946.0627,58701719779.7824,89726218596.5441,69482839333.0067,..
"Foreign direct investment, net inflows (BoP, current US$)",BX.KLT.DINV.CD.WD,Europe & Central Asia (IDA & IBRD countries),TEC,18669853884.1173,19453015269.548,20877901427.3253,19019100480.4765,31967595146.2367,59563619904.1527,68994020374.9521,129659149911.444,174469970535.398,186499175245.932,108647562620.466,108110079795.726,141185996924.208,116289423245.166,120441235958.243,90467946682.7901,73925688517.3983,109911540244.468,82196299463.7421,..
"Foreign direct investment, net inflows (BoP, current US$)",BX.KLT.DINV.CD.WD,European Union,EUU,386527371951.209,709128686982.001,334153080128.324,385262546463.694,329874736169.273,400754542388.052,965758051453.219,1115150116987.23,1692865547307.04,1077110555267.53,445200260967.145,578109225902.406,851111057898.81,714123517424.891,615982314930.021,425312396239.9,641053557941.474,889317271070.166,604920211148.903,..
"Foreign direct investment, net inflows (BoP, current US$)",BX.KLT.DINV.CD.WD,Fragile and conflict affected situations,FCS,2709583467.0059,3088812424.75695,3996996969.48221,4611762875.31604,8399324310.17977,6867749078.60335,8593589791.35318,12683513978.0485,19253310580.7923,23030698129.1,18607422408.4204,22581849756.6431,19955999733.0671,25253431593.4534,27305564426.9373,22369120886.1706,25177858888.9262,14084636409.5749,10929506681.4134,..
"Foreign direct investment, net inflows (BoP, current US$)",BX.KLT.DINV.CD.WD,Heavily indebted poor countries (HIPC),HPC,5226379408.06105,4053000500.04226,4674257275.35392,5861512037.01303,6836152449.28634,7082357643.00105,8120909220.50863,10331562498.438,14869227949.7023,19414474628.6689,15630133484.2152,23819010223.9838,28509507817.4165,32548370666.3127,35061527622.7609,29641629550.6301,30280485974.3575,24806458750.9654,26443181477.77,..
"Foreign direct investment, net inflows (BoP, current US$)",BX.KLT.DINV.CD.WD,High income,HIC,833275921109.176,1325047041967.78,639510980469.366,592219884414.375,556331093060.861,802275988353.985,1249851367203.97,1773176664342.32,2570694663290.01,1841386608450.61,949183886769.44,1252793224032.45,1568229427181.95,1467054565306.15,1399329133649.83,1195743705093.62,1782811970085.44,1898294875370.93,1412229940048.43,..
"Foreign direct investment, net inflows (BoP, current US$)",BX.KLT.DINV.CD.WD,IBRD only,IBD,164186629357.474,156850128171.316,164708654034.174,154307544874.291,164556101838.334,228762142584.897,306841873099.181,406431284118.715,558898009041.256,630338343381.625,426392219781.171,620694990232.139,730410023235.936,660435235780.29,719535619719.037,679522400353.651,635526488181.158,561803313385.097,524346961055.293,..
"Foreign direct investment, net inflows (BoP, current US$)",BX.KLT.DINV.CD.WD,IDA & IBRD total,IBT,171724878655.259,163481428781.701,171792218570.923,163279488183.503,175574940249.136,241491444742.72,325371723511.37,431381479332.249,594856736837.441,674185860104.11,462481104620.306,663493254010.125,784027855190.423,714129027498.048,773386030614.408,727016911268.694,684489504400.903,600961373943.854,571574709964.254,..
"Foreign direct investment, net inflows (BoP, current US$)",BX.KLT.DINV.CD.WD,IDA blend,IDB,2909344781.40162,2176819446.25714,1887847197.98793,3877333642.96452,3901862430.11317,3954513385.61174,9242920281.96678,12053268638.9049,16533004887.0529,18756168890.394,15759738566.4189,14497893105.7734,19547179754.9878,15553795636.1773,14215838538.823,13330286135.0766,11802887077.5077,4965140577.8195,11229957578.5536,..
"Foreign direct investment, net inflows (BoP, current US$)",BX.KLT.DINV.CD.WD,IDA only,IDX,4628904516.38358,4454481164.12797,5195717338.76144,5094609666.24738,7116975980.68908,8774788772.21137,9286930130.22248,12896926574.6294,19425722909.1323,25091347832.0916,20329146272.7156,28300370672.2119,34070652199.4993,38139996081.5798,39634572356.5482,34164224779.9656,37160129142.238,34192919980.9375,35997791330.4074,..
"Foreign direct investment, net inflows (BoP, current US$)",BX.KLT.DINV.CD.WD,IDA total,IDA,7538249297.7852,6631300610.38511,7083564536.74937,8971943309.2119,11018838410.8022,12729302157.8231,18529850412.1893,24950195213.5342,35958727796.1853,43847516722.4855,36088884839.1345,42798263777.9853,53617831954.4871,53693791717.757,53850410895.3712,47494510915.0422,48963016219.7456,39158060558.757,47227748908.9611,..
"Foreign direct investment, net inflows (BoP, current US$)",BX.KLT.DINV.CD.WD,Late-demographic dividend,LTE,126142746183.716,140260730478.134,117536798702.204,138852320393.58,148257290120.05,172254571762.461,279590877633.479,338903859313.794,484200220201.791,482087690401.138,367903623904.816,560914211411.121,605524683096.297,624932858789.163,604384786291.053,618165075979.768,694852731785.571,505364785920.219,389431192135.734,..
"Foreign direct investment, net inflows (BoP, current US$)",BX.KLT.DINV.CD.WD,Latin America & Caribbean,LCN,95839291325.6312,95442317022.238,80229770766.17,61478170701.4731,52610111316.5427,106566811334.777,81517715411.4324,114958297997.386,197898152625.637,225270180553.96,157339797384.326,228131855946.899,282416293364.129,287478619987.226,353572342065.748,268528225619.043,266751195838.895,252522999833.155,235921682352.815,..
"Foreign direct investment, net inflows (BoP, current US$)",BX.KLT.DINV.CD.WD,Latin America & Caribbean (excluding high income),LAC,54241352388.0015,62388586199.7747,64358759326.1244,49441399651.0791,37047917271.5544,54745313172.8248,62648084574.3663,57916985028.0644,106824237876.414,115065671629.406,71457431396.4264,133528801013.03,164501141132.889,149595679137.41,157985780854.678,163032445113.461,147666709895.634,147660436136.363,137331145095.594,..
"Foreign direct investment, net inflows (BoP, current US$)",BX.KLT.DINV.CD.WD,Latin America & the Caribbean (IDA & IBRD countries),TLA,88733794565.8546,79576371983.1318,72663445140.4717,55720621734.9926,45229975780.2298,68432126658.7992,78560226321.4362,76845101480.4467,131657574026.331,150933793383.769,92938305690.8306,166383718405.413,206792205911.974,202955409831.819,192301558144.936,201519291638.247,188433178900.886,168646132166.889,158956147254.221,..
"Foreign direct investment, net inflows (BoP, current US$)",BX.KLT.DINV.CD.WD,Least developed countries: UN classification,LDC,5583882462.75615,3801637309.59604,6058364118.04414,5916374186.61067,9370002682.82976,8837274715.41338,5774202910.72473,9125567609.83496,12620070928.3244,18618251985.4977,15360509874.3031,18199963083.0603,23502680373.6064,24473804876.5822,25327610203.2398,28240192423.0758,38148227045.5683,26312824840.9835,21458213243.496,..
"Foreign direct investment, net inflows (BoP, current US$)",BX.KLT.DINV.CD.WD,Low & middle income,LMY,128622435247.824,135947418581.373,156762539694.454,151920857408.365,160148928978.322,212683747598.707,296569861410.812,387290000799.063,540285212443.014,618595200440.084,423918630755.792,610856152718.301,722040515050.277,651602092222.622,737570834566.144,664888239114.032,628545590629.343,560036294739.732,537343069166.36,..
"Foreign direct investment, net inflows (BoP, current US$)",BX.KLT.DINV.CD.WD,Low income,LIC,1964839093.48586,1946975420.36997,2718387067.03547,2885006049.42279,3490607112.24275,4047303242.14689,3507746061.52839,5676216544.65535,9174899407.65339,12360951513.1749,9855658114.7464,14952662873.8135,17661902262.0688,20882695728.0297,20005793046.4387,16118931093.5095,15766177084.684,15741196456.3095,15234752552.8111,..
"Foreign direct investment, net inflows (BoP, current US$)",BX.KLT.DINV.CD.WD,Lower middle income,LMC,14416937953.7788,11191447621.0087,13421506493.06,20009575302.5295,21026427911.5076,25735650449.5028,49089933189.3077,71956492884.5373,97331778698.2686,125218869568.099,95020931825.1311,93299053100.8235,111749917376.26,100965836733.6,107345677100.3,121185562102.504,140707850060.433,110324536480.072,127287631840.783,..
"Foreign direct investment, net inflows (BoP, current US$)",BX.KLT.DINV.CD.WD,Middle East & North Africa,MEA,5837136699.12643,12186278134.9266,8163299926.79765,9581414675.8738,20255305654.0429,32800313658.4138,73129405134.096,109054908023.26,126453632975.261,113755374009.091,83843882866.558,87567125470.3919,62346725072.4175,63268510250.0132,61052248169.1951,52339840173.7115,50901534243.6466,55812778498.0999,54698191616.8181,..
"Foreign direct investment, net inflows (BoP, current US$)",BX.KLT.DINV.CD.WD,Middle East & North Africa (excluding high income),MNA,1914645359.29123,5069527320.6219,4502066626.20158,8061785423.6563,11252905029.0747,10521887306.371,18170935378.7652,30379633372.3426,33637747266.4627,35606364312.7971,29219598629.8057,25932821028.1303,15824388425.549,22999570490.2606,24136642294.8226,22722404736.5409,20675872854.8454,20713783579.0615,16756046676.7293,..
"Foreign direct investment, net inflows (BoP, current US$)",BX.KLT.DINV.CD.WD,Middle East & North Africa (IDA & IBRD countries),TMN,1726013577.32133,5007521838.7942,4482890225.53358,8052345423.6563,11240033029.0747,10501367306.371,18134693378.7652,30361045412.3426,33618151266.4627,35554856312.7971,28919130629.8057,25752879980.3378,15585547734.9937,22936585124.1547,23947082117.783,22562693071.2023,20570935128.1874,20417310048.2176,16552670377.6665,..
"Foreign direct investment, net inflows (BoP, current US$)",BX.KLT.DINV.CD.WD,Middle income,MIC,126657596154.339,134000443161.003,154044152627.418,149035851358.942,156658321866.079,208636444356.56,293062115349.284,381613784254.407,531110313035.361,606234248926.909,414062972641.046,595903489844.486,704378612788.209,630719396494.593,717565041519.705,648769308020.523,612779413544.659,544295098283.422,522108316613.549,..
"Foreign direct investment, net inflows (BoP, current US$)",BX.KLT.DINV.CD.WD,North America,NAC,314292255778.126,418442140320.015,199905396347.242,133968118382.159,124130750119.94,215914512586.524,167933019851.886,362677072674.771,467653225718.481,411380475572.167,181943652013.256,293974607091.482,301557198830.063,299770425461.969,355233500463.744,315952583481.549,570586094279.68,528995827299.416,382065519979.693,..
"Foreign direct investment, net inflows (BoP, current US$)",BX.KLT.DINV.CD.WD,Not classified,INX,..,..,..,..,..,..,..,..,..,..,..,..,..,..,..,..,..,..,..,..
"Foreign direct investment, net inflows (BoP, current US$)",BX.KLT.DINV.CD.WD,OECD members,OED,768716923444.687,1222233220238.76,604627480619.233,590785810631.393,519318593314.957,712717867903.785,1158345246166.35,1601413106165.99,2330454369200.55,1631117188548.16,763955596178.906,987632914219.303,1332505270016.36,1165416745249.12,1115206684498.46,927328765316.72,1458775509339.85,1604896271785.53,1143322207454.47,..
"Foreign direct investment, net inflows (BoP, current US$)",BX.KLT.DINV.CD.WD,Other small states,OSS,3084062914.26059,3991626664.66355,3973739247.03665,3356170652.0682,6004581447.92404,14342872882.9011,35674164240.6246,42793559437.7745,60335962168.0188,29757343458.0849,20922070992.3467,36851826102.9874,7643404316.04941,63459749311.7766,4106178967.89052,9202410633.48334,17643105927.7106,14759426694.1642,15593684884.1281,..
"Foreign direct investment, net inflows (BoP, current US$)",BX.KLT.DINV.CD.WD,Pacific island small states,PSS,-1230644.5346927,161539863.160407,309727420.850398,-14012057.9606693,206739829.997137,289534210.235633,219384431.629864,618421643.083894,554423403.908319,525832312.70735,277664891.51488,576504700.087894,604430342.675906,516256955.187175,449178277.778966,489024083.62041,441663956.352966,383602740.897268,402518159.238919,..
"Foreign direct investment, net inflows (BoP, current US$)",BX.KLT.DINV.CD.WD,Post-demographic dividend,PST,759956822268.943,1241780791733.06,599328382233.896,539096086734.266,504765668986.752,727926807001.253,1138721027728.52,1609986926972.57,2333900910988.84,1631398893574.69,739614584967.577,1035954638022.72,1378376253731.52,1192483655806.65,1122785193450.69,954618352229.709,1381390485900.87,1649420931052.06,1263929563864.02,..
"Foreign direct investment, net inflows (BoP, current US$)",BX.KLT.DINV.CD.WD,Pre-demographic dividend,PRE,6922600040.35741,4591323155.86543,7277196919.87895,8293514844.66918,12755897528.0777,10201403657.0017,11963586843.6302,13261778168.513,19298866705.1132,24931879189.5022,25489827333.8,25744627717.5491,32654415678.2698,31493723049.61,30763115016.4088,32878469968.2393,37777681745.3893,19381274945.3642,7421803210.8881,..
"Foreign direct investment, net inflows (BoP, current US$)",BX.KLT.DINV.CD.WD,Small states,SST,4763546395.65182,5756408252.7312,6248556416.15246,5265629691.35614,8414809010.31598,16925101940.1115,39026106526.2101,47161454336.9058,64804445029.515,36747565644.8523,24308550012.3204,40267279271.5986,10417007552.6266,64557480070.6628,5371811499.2176,12557620710.111,20274546698.6528,17249250110.9765,18239821327.4342,..
"Foreign direct investment, net inflows (BoP, current US$)",BX.KLT.DINV.CD.WD,South Asia,SAS,3080426720.79584,4367540967.52092,5798481654.96072,6354963507.85821,4820712730.96706,7477232653.44824,10835965281.4889,25539643965.9764,32472490181.3404,51150647659.051,39495301323.2785,31698961378.6905,40646167618.1237,27781382872.972,33525350983.3179,40307752293.7296,49666769794.1024,50844454740.4365,47057945358.1586,..
"Foreign direct investment, net inflows (BoP, current US$)",BX.KLT.DINV.CD.WD,South Asia (IDA & IBRD),TSA,3080426720.79584,4367540967.52092,5798481654.96072,6354963507.85821,4820712730.96706,7477232653.44824,10835965281.4889,25539643965.9764,32472490181.3404,51150647659.051,39495301323.2785,31698961378.6905,40646167618.1237,27781382872.972,33525350983.3179,40307752293.7296,49666769794.1024,50844454740.4365,47057945358.1586,..
"Foreign direct investment, net inflows (BoP, current US$)",BX.KLT.DINV.CD.WD,Sub-Saharan Africa,SSF,9105343485.49236,6874691269.6346,15418173640.1886,10841324207.7989,13817213749.6505,12293419438.2291,19561907551.9629,16434215237.2207,29205569635.2989,38854718514.5717,36661629077.332,32938261625.9757,42876311996.9025,39652563187.4413,41503585890.03,42680411992.5422,45633718605.0638,31808600726.9592,24613174075.8926,..
"Foreign direct investment, net inflows (BoP, current US$)",BX.KLT.DINV.CD.WD,Sub-Saharan Africa (excluding high income),SSA,9050126752.01449,6850364272.79361,15353433383.6816,10793606459.7317,13758788208.9241,12255404586.1291,19481177812.872,16293659543.7537,29029645988.789,38674893070.4192,36493377415.3965,32778466250.9757,42733071331.799,39039354411.1682,41446296824.407,42572056549.4403,45527825007.8605,31767746537.2624,24488708540.188,..
"Foreign direct investment, net inflows (BoP, current US$)",BX.KLT.DINV.CD.WD,Sub-Saharan Africa (IDA & IBRD countries),TSS,9105343485.49236,6874691269.6346,15418173640.1886,10841324207.7989,13817213749.6505,12293419438.2291,19561907551.9629,16434215237.2207,29205569635.2989,38854718514.5717,36661629077.332,32938261625.9757,42876311996.9025,39652563187.4413,41503585890.03,42680411992.5422,45633718605.0638,31808600726.9592,24613174075.8926,..
"Foreign direct investment, net inflows (BoP, current US$)",BX.KLT.DINV.CD.WD,Upper middle income,UMC,112240658200.56,122808995539.994,140622646134.358,129026276056.412,135631893954.572,182900793907.057,243972182159.976,309657291369.87,433778534337.092,481015379358.809,319042040815.915,502604436743.663,592628695411.949,529753559760.992,610219364419.405,527583745918.019,472071563484.226,433970561803.35,394820684772.766,..
"Foreign direct investment, net inflows (BoP, current US$)",BX.KLT.DINV.CD.WD,World,WLD,961898356357.001,1460994460549.15,796273520163.82,744140741822.739,716480022039.183,1014959735952.69,1546421228614.78,2160466665141.38,3110979875733.02,2459981808890.7,1373102517525.23,1863649376750.75,2290269942232.23,2118656657528.78,2136899968215.97,1860631944207.65,2411357560714.78,2458331170110.67,1949573009214.79,..
,,,,,,,,,,,,,,,,,,,,,,,
,,,,,,,,,,,,,,,,,,,,,,,
,,,,,,,,,,,,,,,,,,,,,,,
Data from database: World Development Indicators,,,,,,,,,,,,,,,,,,,,,,,
Last Updated: 01/30/2019,,,,,,,,,,,,,,,,,,,,,,,
